zone,total_rides,total_revenue,avg_monthly_rides,avg_monthly_revenue,avg_ride_growth_rate,avg_revenue_growth_rate,recent_ride_growth_rate,recent_revenue_growth_rate,ride_growth_volatility,revenue_growth_volatility,growth_consistency,market_share_percent,data_months,volume_index,normalized_avg_growth,normalized_recent_growth,growth_rate_index,normalized_volatility,consistency_index,overall_growth_index,volume_rank,growth_rank,consistency_rank,overall_rank,growth_category,recommendation,expansion_priority
Udyog Bhawan,838,396478.0,69.83333333333333,33039.833333333336,5.129038300096597,3.5761781469473037,48.27586206896552,53.57535305848358,20.976765663693627,29.580902032067502,0.5454545454545454,0.5586666666666666,12,88.30347734457324,1.0,0.9498931602987593,97.99572641195036,0.4259637608004772,46.181099619669766,79.54366365405305,114.0,1.0,115.0,1.0,Medium Growth,Moderate growth - maintain current operations with minor optimizations,70
Sarojini Nagar,848,411007.0,70.66666666666667,34250.583333333336,4.335562466699451,0.3093156927070097,52.727272727272734,46.3666029926775,23.845124629145097,17.630021943369623,0.5454545454545454,0.5653333333333334,12,89.35721812434141,0.8967316811995014,1.0,93.80390087197009,0.3474701541310843,40.68654715281226,76.53468993193414,90.0,3.0,146.0,2.0,Medium Growth,Moderate growth - maintain current operations with minor optimizations,70
Paschim Vihar,825,390474.0,68.75,32539.5,4.688861636960522,3.654923133562491,52.0,55.21667920853437,24.297193255025736,24.859003890637357,0.5454545454545454,0.5499999999999999,12,86.9336143308746,0.9427124279479796,0.9918135304150084,96.23528689347911,0.335099144318558,39.82057646593542,76.52037199643466,143.0,2.0,149.0,3.0,Medium Growth,Moderate growth - maintain current operations with minor optimizations,70
Kadarpur,844,409977.0,70.33333333333333,34164.75,4.059583083998435,9.891223855657712,40.35087719298245,77.01527782747146,17.51681279632062,32.39629289842974,0.4545454545454545,0.5626666666666666,12,88.93572181243414,0.860813855254992,0.8606863947817239,86.07628710656847,0.5206465333325647,50.08162096964317,76.13571767725058,100.0,4.0,92.0,4.0,Medium Growth,Moderate growth - maintain current operations with minor optimizations,70
Azadpur,847,396462.0,70.58333333333333,33038.5,4.083173606687816,3.3663750484996773,14.28571428571428,23.47326947897561,14.62869201234897,18.50551487867238,0.6363636363636364,0.5646666666666667,12,89.2518440463646,0.863884085645409,0.5672866076504506,74.52450944474256,0.5996809288044327,61.068574107219376,74.90592922397222,94.0,11.0,23.0,5.0,Medium Growth,Moderate growth - maintain current operations with minor optimizations,70
Nehru Place,885,417442.0,73.75,34786.833333333336,3.539694261976518,4.01934237638428,46.031746031746025,49.91296148545732,20.913727227173343,23.43596150091133,0.4545454545454545,0.59,12,93.25605900948368,0.7931520029922485,0.9246325022334116,84.57442026887139,0.4276888287926202,43.57458165184705,74.87896030594777,21.0,5.0,131.0,6.0,Medium Growth,Moderate growth - maintain current operations with minor optimizations,70
Central Secretariat,839,399762.0,69.91666666666667,33313.5,3.4890895646508047,4.432165126933478,33.84615384615384,35.36758632083266,15.981278025556998,18.847063598518396,0.4545454545454545,0.5593333333333333,12,88.40885142255004,0.7865659649602383,0.787466655005029,78.69262409781545,0.5626669581731234,53.02305070848228,73.90662027843588,110.0,7.0,68.0,7.0,Medium Growth,Moderate growth - maintain current operations with minor optimizations,70
Rajiv Nagar,884,411600.0,73.66666666666667,34300.0,2.9069231001307814,4.368161484328232,19.444444444444443,26.271264935626306,16.416562281352423,19.902618705670918,0.6363636363636364,0.5893333333333334,12,93.15068493150685,0.7107988785253295,0.6253553155201819,67.66214533232704,0.5507552582864226,57.64377717095866,72.30319676367047,23.0,24.0,41.0,8.0,Medium Growth,Moderate growth - maintain current operations with minor optimizations,70
Hauz Rani,850,404163.0,70.83333333333333,33680.25,5.105548359330788,10.920962519474235,15.15151515151516,28.862229596069167,25.19929624630812,39.20820536576157,0.6363636363636364,0.5666666666666667,12,89.56796628029505,0.9969428600223113,0.5770324047754406,82.89786779235631,0.3104127929148882,40.81980459495126,72.27547837951641,85.0,6.0,145.0,9.0,Medium Growth,Moderate growth - maintain current operations with minor optimizations,70
Saket,931,422466.0,77.58333333333333,35205.5,2.5622911469149816,4.317134323868227,28.20512820512821,37.41821396993812,18.52200345840717,20.49648381323936,0.5454545454545454,0.6206666666666667,12,98.10326659641728,0.6659461421021465,0.7239690383522107,68.91553006021722,0.4931391531866667,50.88337708670303,72.26220512902299,3.0,20.0,84.0,10.0,Medium Growth,Moderate growth - maintain current operations with minor optimizations,70
Panchsheel Park,876,420521.0,73.0,35043.416666666664,3.00840448547546,4.558210649086754,24.59016393442624,46.86790486470392,20.17159563320964,23.991328438582585,0.5454545454545454,0.584,12,92.3076923076923,0.7240063533002358,0.6832775701544284,70.7714840041913,0.4479975091688045,47.723462005452674,70.31793989562001,35.0,19.0,108.0,11.0,Medium Growth,Moderate growth - maintain current operations with minor optimizations,70
Sadar Bazar Gurgaon,817,376061.0,68.08333333333333,31338.416666666668,2.4200003018906417,4.514630755321337,47.169811320754704,66.35950738055725,19.78930524404558,24.549178586305462,0.4545454545454545,0.5446666666666666,12,86.09062170706007,0.647427447861069,0.9374430154354424,76.34336748908184,0.4584590140926871,45.72849462285173,70.08308189460628,162.0,9.0,119.0,12.0,Medium Growth,Moderate growth - maintain current operations with minor optimizations,70
Pataudi Chowk,907,450702.0,75.58333333333333,37558.5,2.2747325047334352,6.606252483137754,11.940298507462677,50.81267129836191,15.180310503997504,20.26088463624469,0.5454545454545454,0.6046666666666667,12,95.57428872497366,0.6285213129079102,0.5408856796178289,59.34670595918777,0.5845857034729656,57.28463560674395,69.59635968319039,10.0,40.0,44.0,13.0,Medium Growth,Moderate growth - maintain current operations with minor optimizations,70
DLF City Court,864,420631.0,72.0,35052.583333333336,1.8646689101848049,5.32418169522273,8.450704225352123,30.838674731425478,10.074997480687408,17.866611775671924,0.5454545454545454,0.5760000000000001,12,91.04320337197048,0.5751528595436458,0.5016054256179489,54.5733885973367,0.7242943094049843,67.06423802198526,69.2615878571214,58.0,51.0,6.0,14.0,Medium Growth,Moderate growth - maintain current operations with minor optimizations,70
Manesar,824,393982.0,68.66666666666667,32831.833333333336,3.520682762644479,3.0592077173568915,28.787878787878785,28.42029881839785,23.343255712367057,27.18460546189364,0.5454545454545454,0.5493333333333333,12,86.82824025289779,0.790677717713148,0.7305287094940306,76.6618114425501,0.3612039656336377,41.647913957991,69.20757084028668,148.0,8.0,141.0,15.0,Medium Growth,Moderate growth - maintain current operations with minor optimizations,70
Qutub Minar,823,390770.0,68.58333333333333,32564.166666666668,3.6126090722221433,2.336987073820934,17.460317460317466,10.37567685736387,21.804544322885885,19.82684868856324,0.6363636363636364,0.5486666666666666,12,86.72286617492097,0.8026416302156579,0.6030211971087469,72.27934569728936,0.4033113197125371,47.32270147078669,69.12540857262805,153.0,14.0,111.0,16.0,Medium Growth,Moderate growth - maintain current operations with minor optimizations,70
IIT Delhi,826,385671.0,68.83333333333333,32139.25,2.6555422237505115,2.100975882938959,5.47945205479452,0.2680501513186328,13.338268401541333,12.260723789124144,0.6363636363636364,0.5506666666666666,12,87.03898840885142,0.6780824687876265,0.4681598355229855,59.41134154817701,0.6349938044115797,63.54047539971967,68.93837576184214,141.0,39.0,17.0,17.0,Medium Growth,Moderate growth - maintain current operations with minor optimizations,70
Rohini East,866,409921.0,72.16666666666667,34160.083333333336,3.3365990612679224,4.654766616242106,22.05882352941177,10.36559254897762,21.6712689562484,23.536332418148643,0.4545454545454545,0.5773333333333334,12,91.25395152792412,0.7667198181028455,0.6547838009564259,72.19454112442776,0.4069584448923228,42.12345477882623,68.8910383417962,55.0,15.0,139.0,18.0,Medium Growth,Moderate growth - maintain current operations with minor optimizations,70
Malviya Nagar,885,420747.0,73.75,35062.25,1.2575580768853336,2.5482119036664246,38.095238095238095,64.73971932114881,16.623579348234617,25.22066381418429,0.4545454545454545,0.59,12,93.25605900948368,0.4961393440191898,0.8352960285876716,63.18020178465825,0.5450901667070831,51.79267530585945,68.78670100846624,21.0,28.0,77.0,19.0,Medium Growth,Moderate growth - maintain current operations with minor optimizations,70
Uttam Nagar,825,392446.0,68.75,32703.83333333333,3.680282051847145,3.148628736304987,18.333333333333336,16.132291526337063,22.01343250308705,18.43182299174634,0.5454545454545454,0.5499999999999999,12,86.9336143308746,0.8114490501016225,0.6128482092097782,73.20087137448847,0.397595024488653,44.19528807784207,68.6190192724104,143.0,12.0,127.0,20.0,Medium Growth,Moderate growth - maintain current operations with minor optimizations,70
Gwal Pahari,815,384520.0,67.91666666666667,32043.33333333333,4.507417218021432,4.322152263299883,10.606060606060597,-2.403818339600805,23.6286124725664,23.546920946886186,0.5454545454545454,0.5433333333333333,12,85.87987355110643,0.9190980224287196,0.5258669698692437,76.18056014049293,0.3533950820296938,41.101292105714926,68.56657375324357,163.0,10.0,142.0,21.0,Medium Growth,Moderate growth - maintain current operations with minor optimizations,70
Rajouri Garden,852,410834.0,71.0,34236.166666666664,1.8306561565086084,3.157698302918325,-1.449275362318836,-9.04968167679293,8.911464959749903,16.6574485534781,0.6363636363636364,0.5680000000000001,12,89.77871443624869,0.5707262094276893,0.3901673381615048,49.85026609212155,0.7561347677107809,72.02034283066375,68.47982361692235,81.0,70.0,1.0,22.0,Medium Growth,Moderate growth - maintain current operations with minor optimizations,70
Munirka,815,390753.0,67.91666666666667,32562.75,4.463935911570728,6.086159031818853,1.2820512820512775,2.376853180296501,19.728275661631745,20.42722822818984,0.4545454545454545,0.5433333333333333,12,85.87987355110643,0.9134390707285912,0.4209122316001223,71.64283350772037,0.4601291091173642,45.84540127457913,68.17471585079382,163.0,17.0,117.0,23.0,Medium Growth,Moderate growth - maintain current operations with minor optimizations,70
Ardee City,861,409637.0,71.75,34136.416666666664,1.5789244924158523,4.775034085121323,16.666666666666675,30.373318693384576,13.396721300099305,24.84154921044641,0.5454545454545454,0.5740000000000001,12,90.72708113804003,0.5379641458013615,0.5940875497441729,56.0413507378486,0.6333942212062144,60.70123184807136,67.84503419097287,66.0,48.0,27.0,24.0,Medium Growth,Moderate growth - maintain current operations with minor optimizations,70
Paharganj,825,413278.0,68.75,34439.833333333336,3.2348608787433024,3.688746953015644,10.95890410958904,2.3119358074222607,17.2309951525264,16.526746931112264,0.4545454545454545,0.5499999999999999,12,86.9336143308746,0.753478922003774,0.5298387159578527,66.40228395854054,0.528468029170909,50.629125678327256,67.82973558617678,143.0,27.0,88.0,25.0,Medium Growth,Moderate growth - maintain current operations with minor optimizations,70
Satguru Ram Singh Marg,844,406935.0,70.33333333333333,33911.25,1.303676447080498,1.8462822845209477,11.764705882352944,10.17637355665524,9.656312372495991,14.266484167387384,0.5454545454545454,0.5626666666666666,12,88.93572181243414,0.5021415010546264,0.5389091395512156,51.68485564532621,0.7357517680412804,67.86626012652597,67.71453683981852,100.0,66.0,4.0,26.0,Medium Growth,Moderate growth - maintain current operations with minor optimizations,70
Welcome,836,407963.0,69.66666666666667,33996.916666666664,3.1276650153005097,3.415623291347785,5.633802816901401,-1.044869604828602,17.36758569734777,22.687653184657595,0.5454545454545454,0.5573333333333332,12,88.0927291886196,0.739527726347681,0.4698972687746718,63.16755433184773,0.5247301830264397,53.09474917548713,67.62326524197111,118.0,29.0,67.0,27.0,Medium Growth,Moderate growth - maintain current operations with minor optimizations,70
ITO,878,435165.0,73.16666666666667,36263.75,1.963192443567621,1.5096078177272994,24.59016393442624,-0.4235334793131318,19.529276526920096,20.8640328747103,0.5454545454545454,0.5853333333333334,12,92.51844046364594,0.5879753794320819,0.6832775701544284,62.60962557210205,0.4655747872893594,48.95387147389152,67.48554381010207,33.0,32.0,99.0,28.0,Medium Growth,Moderate growth - maintain current operations with minor optimizations,70
Pitampura,851,398038.0,70.91666666666667,33169.833333333336,2.395117157926869,5.128416431334073,31.034482758620683,42.44741083605405,21.062504165540297,34.601070195637504,0.4545454545454545,0.5673333333333334,12,89.67334035827187,0.6441889869836809,0.7558173727235301,68.88403412796205,0.4236174978949499,43.28958848901013,67.44249230536943,83.0,21.0,133.0,29.0,Medium Growth,Moderate growth - maintain current operations with minor optimizations,70
Rohini,847,397704.0,70.58333333333333,33142.0,3.9798022926270153,4.93666364485125,10.44776119402986,5.925925925925935,26.066768450157685,28.88721280962551,0.6363636363636364,0.5646666666666667,12,89.2518440463646,0.8504306427477799,0.5240850890516152,71.9892421269314,0.2866741246429823,39.158097815917856,67.3186794094573,94.0,16.0,153.0,30.0,Medium Growth,Moderate growth - maintain current operations with minor optimizations,70
Sushant Lok,850,399237.0,70.83333333333333,33269.75,1.0745664633924124,5.278142803322016,33.33333333333333,58.52469388514645,14.963601303809387,26.095503353595745,0.4545454545454545,0.5666666666666667,12,89.56796628029505,0.472323576122266,0.7816941444002273,59.60718034334506,0.5905160235361406,54.97248528389348,67.20500760659458,85.0,37.0,57.0,31.0,Medium Growth,Moderate growth - maintain current operations with minor optimizations,70
Jahangirpuri,884,421873.0,73.66666666666667,35156.083333333336,1.63726111695126,2.8109083022373365,8.450704225352123,10.935803257745125,13.697371537468722,18.165892591358546,0.5454545454545454,0.5893333333333334,12,93.15068493150685,0.5455564692051824,0.5016054256179489,52.79760517702889,0.6251668264619096,60.12531421597003,67.10184181505463,23.0,63.0,30.0,32.0,Medium Growth,Moderate growth - maintain current operations with minor optimizations,70
Rohini West,835,414773.0,69.58333333333333,34564.416666666664,2.1217397788456065,2.580023778669209,11.764705882352944,-22.306367518342885,15.802953659784489,26.43628455926141,0.5454545454545454,0.5566666666666666,12,87.98735511064278,0.6086098034124046,0.5389091395512156,58.072953786792894,0.5675468643477375,56.09191686797799,66.4529631083034,120.0,42.0,52.0,33.0,Medium Growth,Moderate growth - maintain current operations with minor optimizations,70
Mehrauli,915,422798.0,76.25,35233.166666666664,1.2504807311197033,2.8826285864363697,-1.3698630136986356,2.7125141579299017,10.018031598862205,15.11776528564566,0.4545454545454545,0.61,12,96.4172813487882,0.4952182503096847,0.3910612349794014,45.35554441775714,0.7258531998979176,64.44608762921786,66.40122846050467,8.0,84.0,15.0,34.0,Medium Growth,Moderate growth - maintain current operations with minor optimizations,70
Ashok Park Main,884,428211.0,73.66666666666667,35684.25,2.79758713974011,4.761839064384896,30.000000000000004,30.980609035290875,26.625623424741978,34.11749753239113,0.4545454545454545,0.5893333333333334,12,93.15068493150685,0.69656915615856,0.7441728254690164,71.56106238827425,0.2713808705249961,32.63302457311337,66.35953780669577,23.0,18.0,168.0,35.0,Medium Growth,Moderate growth - maintain current operations with minor optimizations,70
Hauz Khas,876,421383.0,73.0,35115.25,1.3510981060655576,2.3390964244465384,7.692307692307687,6.554732510288064,13.243450694213614,14.774195903549064,0.5454545454545454,0.584,12,92.3076923076923,0.5083132769197479,0.4930686141601433,50.22154118159061,0.6375885228251114,60.99483296139415,66.07937405336219,35.0,68.0,24.0,36.0,Medium Growth,Moderate growth - maintain current operations with minor optimizations,70
Sarai Kale Khan,854,417569.0,71.16666666666667,34797.416666666664,2.726358842580733,2.2968342090326197,6.944444444444442,26.6466155249907,19.30048317210912,15.224546193562125,0.5454545454545454,0.5693333333333334,12,89.98946259220232,0.6872990231701622,0.4846503695281409,60.62395617133537,0.4718357943032696,49.39214196486523,66.06406383565441,76.0,34.0,96.0,37.0,Medium Growth,Moderate growth - maintain current operations with minor optimizations,70
Bhikaji Cama Place,821,386735.0,68.41666666666667,32227.916666666668,3.2698678307891478,4.072072325326996,12.12121212121211,16.23321323288569,21.29274294351184,25.195187678633467,0.4545454545454545,0.5473333333333333,12,86.51211801896733,0.7580349638287992,0.542922114837976,67.198982423247,0.4173169363906839,42.84854918371151,65.68779313010245,156.0,26.0,135.0,38.0,Medium Growth,Moderate growth - maintain current operations with minor optimizations,70
Govindpuri,827,384542.0,68.91666666666667,32045.166666666668,2.226085717033372,3.60509189077032,13.157894736842104,4.132712456344589,20.020811701226894,28.762391145699123,0.6363636363636364,0.5513333333333333,12,87.14436248682824,0.6221900904945921,0.5545914245534245,59.5150624118125,0.4521237621209888,50.7395724393783,65.17120544258697,136.0,38.0,86.0,39.0,Medium Growth,Moderate growth - maintain current operations with minor optimizations,70
IFFCO Chowk,830,398927.0,69.16666666666667,33243.916666666664,1.5129543163162795,4.047788584980428,8.196721311475418,20.162705375658007,13.443509708884005,29.59483360954717,0.5454545454545454,0.5533333333333333,12,87.46048472075869,0.5293783402984913,0.498746493443555,51.71256015565168,0.6321138406819953,60.61160521137603,65.10665104190109,130.0,65.0,28.0,40.0,Medium Growth,Moderate growth - maintain current operations with minor optimizations,70
Gurgaon Railway Station,876,427023.0,73.0,35585.25,1.5946188010023254,0.7759684684445652,-5.128205128205132,-4.849515302238238,10.99035198731521,10.57055008432113,0.4545454545454545,0.584,12,92.3076923076923,0.5400067094110462,0.3487558490401014,46.35063652626683,0.69924532583225,62.58353644462113,65.00762323620076,35.0,82.0,20.0,41.0,Medium Growth,Moderate growth - maintain current operations with minor optimizations,70
Panipat,843,408121.0,70.25,34010.083333333336,1.8997507175104371,0.3332485128096381,5.633802816901401,-19.33318580806963,15.705625462433604,14.680130917357111,0.5454545454545454,0.562,12,88.83034773445732,0.5797186435417425,0.4698972687746718,53.57900936349142,0.5702102831641125,56.27835618512423,64.96421492127104,103.0,57.0,50.0,42.0,Medium Growth,Moderate growth - maintain current operations with minor optimizations,70
Botanical Garden,863,430062.0,71.91666666666667,35838.5,2.062036091927396,3.27074241787156,1.449275362318847,-4.025321486359889,16.401011743854742,19.955772894590144,0.5454545454545454,0.5753333333333334,12,90.93782929399369,0.6008395612516089,0.4227945720147317,52.9621565556858,0.5511808039690037,54.94629264146662,64.95009920291241,60.0,61.0,58.0,43.0,Medium Growth,Moderate growth - maintain current operations with minor optimizations,70
DLF Phase 3,842,401056.0,70.16666666666667,33421.333333333336,2.149024435692559,3.310527043059113,9.859154929577477,18.404437363545178,18.5475121580442,14.095763076120267,0.5454545454545454,0.5613333333333334,12,88.72497365648051,0.6121608134407377,0.5174595040395872,57.42802896802775,0.4924410990518553,50.83451329726623,64.83905767333512,104.0,43.0,85.0,44.0,Medium Growth,Moderate growth - maintain current operations with minor optimizations,70
Mundka,830,405370.0,69.16666666666667,33780.833333333336,2.150744165159154,4.795514478233108,20.63492063492063,41.77713961331686,18.580324658679565,19.63241216450372,0.3636363636363636,0.5533333333333333,12,87.46048472075869,0.6123846306804469,0.6387557865670429,62.293309303508536,0.491543173949128,45.31711308552987,64.75060306328999,130.0,33.0,122.0,45.0,Medium Growth,Moderate growth - maintain current operations with minor optimizations,70
Shastri Park,867,404088.0,72.25,33674.0,4.3841889402332,5.753105190038326,5.633802816901401,-8.942775733111718,32.825584522678945,44.71558876547695,0.6363636363636364,0.5780000000000001,12,91.35932560590096,0.9030602597896372,0.4698972687746718,72.9795063383651,0.1017168523011112,26.21108875198688,64.46292684271239,53.0,13.0,173.0,46.0,Medium Growth,High volatility - implement risk mitigation strategies,70
Saket A Block,823,387840.0,68.58333333333333,32320.0,1.6691287246234623,0.8630468005239122,10.769230769230775,3.58136721113127,18.151909187462405,16.959942510312402,0.6363636363636364,0.5486666666666666,12,86.72286617492097,0.5497039354921047,0.5277036777889536,54.090383241084425,0.5032669072383852,54.31959259759604,63.94889092818888,153.0,55.0,62.0,47.0,Medium Growth,Moderate growth - maintain current operations with minor optimizations,70
Karkarduma,836,393285.0,69.66666666666667,32773.75,2.8817047919014485,2.669994440930331,0.0,-4.588462390430681,19.54895737685914,16.4774530737095,0.4545454545454545,0.5573333333333332,12,88.0927291886196,0.7075167971005101,0.4064809550881182,58.710246029555336,0.4650362142193073,46.18889863171514,63.76858675792255,118.0,41.0,114.0,48.0,Medium Growth,Moderate growth - maintain current operations with minor optimizations,70
Kaushambi,855,416506.0,71.25,34708.833333333336,2.7396720533912573,2.333369419868192,-3.703703703703709,11.368360277136258,20.18125574231528,21.519220541452952,0.5454545454545454,0.5700000000000001,12,90.09483667017912,0.689031694589219,0.364790600720106,55.93352570415738,0.447733157037968,47.70495735629412,63.713348489604925,74.0,49.0,109.0,49.0,Medium Growth,Moderate growth - maintain current operations with minor optimizations,70
Dwarka Mor,840,409203.0,70.0,34100.25,1.353593744792172,2.6849319735566453,12.5,16.144739645150487,16.99226778568641,16.468835607641054,0.5454545454545454,0.5599999999999999,12,88.51422550052686,0.5086380762454281,0.5471859010801592,52.40572061793205,0.5350008837611673,53.81369822691807,63.660665365406295,108.0,64.0,64.0,50.0,Medium Growth,Moderate growth - maintain current operations with minor optimizations,70
Adarsh Nagar,858,387013.0,71.5,32251.08333333333,1.8181712097609803,2.442752058035708,5.882352941176472,-13.937282229965152,17.032681281620167,22.921631065057746,0.4545454545454545,0.5720000000000001,12,90.41095890410958,0.5691013339032245,0.4726950473196669,53.05388192698016,0.5338949548686655,51.00901047717021,63.647543585176,71.0,60.0,81.0,51.0,Medium Growth,Moderate growth - maintain current operations with minor optimizations,70
Maidan Garhi,825,388611.0,68.75,32384.25,1.9942825405351048,4.358949043965112,-7.9999999999999964,6.621033373288743,13.377889992759677,19.4939146743543,0.5454545454545454,0.5499999999999999,12,86.9336143308746,0.5920216552101742,0.3164297896532121,48.17849089873894,0.633909546257643,60.73730460167136,63.57267203925937,143.0,74.0,26.0,52.0,Medium Growth,Moderate growth - maintain current operations with minor optimizations,70
Patel Chowk,854,394432.0,71.16666666666667,32869.333333333336,1.532577570233821,2.204213609419599,16.92307692307693,1.6719112552048498,21.40576632689668,25.52996073867857,0.5454545454545454,0.5693333333333334,12,89.98946259220232,0.5319322434624778,0.5969738050465737,55.79488680961162,0.4142240135359402,45.35931731115217,62.922588694851,76.0,50.0,121.0,53.0,Medium Growth,Moderate growth - maintain current operations with minor optimizations,70
Peeragarhi,861,416593.0,71.75,34716.083333333336,2.7371324284061656,2.637138911829138,-7.692307692307687,-3.5275769176237093,19.381504456999284,22.63609306674083,0.4545454545454545,0.5740000000000001,12,90.72708113804003,0.6887011705939622,0.3198932960160931,54.11780207628145,0.4696186196244314,46.50966701007383,62.81814527494674,66.0,54.0,113.0,54.0,Medium Growth,Moderate growth - maintain current operations with minor optimizations,70
Shivaji Park,900,430624.0,75.0,35885.333333333336,0.8568712628732769,-0.1410607291985903,1.5625,10.812572421784484,16.021338244790098,16.7233351372257,0.5454545454545454,0.6,12,94.83667017913592,0.4439912483785218,0.4240690733371233,43.602237836196245,0.5615706968162129,55.67358514077125,62.59397173045065,11.0,90.0,54.0,55.0,Medium Growth,Moderate growth - maintain current operations with minor optimizations,70
Vatika Chowk,833,375053.0,69.41666666666667,31254.416666666668,1.570793391645697,5.833720066300336,0.0,18.876637789074245,14.537693412023028,20.86593108567244,0.4545454545454545,0.5553333333333333,12,87.77660695468916,0.5369059092789756,0.4064809550881182,48.47359276026327,0.6021711360718922,55.78834316139609,62.45892213893089,124.0,73.0,53.0,56.0,Medium Growth,Moderate growth - maintain current operations with minor optimizations,70
Huda City Centre,852,412534.0,71.0,34377.833333333336,1.8037386436901643,5.789957085315352,6.329113924050622,24.860716913697047,20.36277053339405,31.32566457653526,0.5454545454545454,0.5680000000000001,12,89.77871443624869,0.5672229820097215,0.4777239657169996,53.14233754926328,0.442765943803075,47.357252429851606,62.3977250795354,81.0,58.0,110.0,57.0,Medium Growth,Moderate growth - maintain current operations with minor optimizations,70
Noida Sector 18,799,389016.0,66.58333333333333,32418.0,3.9148230790161542,3.9899024067330298,1.5625,-2.149259191512709,29.433180645120405,29.832657375825253,0.6363636363636364,0.5326666666666667,12,84.19388830347735,0.8419738078145179,0.4240690733371233,67.481191402356,0.1945511240349113,32.70948777335288,62.06348938399147,173.0,25.0,166.0,58.0,Medium Growth,Moderate growth - maintain current operations with minor optimizations,70
Vinobapuri,823,385688.0,68.58333333333333,32140.666666666668,3.7839058384884168,3.665964689882776,5.882352941176472,16.383906931652923,30.295611439411736,29.7159285972398,0.5454545454545454,0.5486666666666666,12,86.72286617492097,0.8249353514907534,0.4726950473196669,68.40392298223188,0.1709504156291484,28.330165457676756,61.87747868267207,153.0,22.0,172.0,59.0,Medium Growth,High volatility - implement risk mitigation strategies,70
Sikanderpur,855,391353.0,71.25,32612.75,2.8060898313024585,2.8562053388149726,-4.054054054054057,-12.853355657876374,20.84071418067907,23.034698030875248,0.3636363636363636,0.5700000000000001,12,90.09483667017912,0.6976757540232531,0.360846918550159,56.29442198340154,0.4296868553375139,40.98717078271688,61.84237102922942,74.0,47.0,143.0,60.0,Medium Growth,Moderate growth - maintain current operations with minor optimizations,70
IGNOU Road,818,403924.0,68.16666666666667,33660.333333333336,1.973011126721355,2.297772648606872,18.032786885245898,23.50630043890698,21.24434195187668,23.064962060628705,0.3636363636363636,0.5453333333333333,12,86.19599578503689,0.5892532493550761,0.6094651394700789,59.73380054010772,0.4186414457863274,40.21399211413383,61.816516585794304,159.0,36.0,147.0,61.0,Medium Growth,Moderate growth - maintain current operations with minor optimizations,70
AIIMS,918,449519.0,76.5,37459.91666666666,-0.7060558304646548,2.8176546983773503,13.235294117647056,53.09594524793389,10.696972084333726,22.277151643619096,0.3636363636363636,0.612,12,96.73340358271864,0.24058133147438,0.5554626626091027,36.65338639282692,0.707273765433675,60.41825448944817,61.80685197878081,7.0,113.0,29.0,62.0,Medium Growth,Moderate growth - maintain current operations with minor optimizations,70
Badarpur,921,448495.0,76.75,37374.583333333336,1.1069983207090577,-0.5018426868891016,-10.126582278481012,-17.287009835227995,16.307216685183977,19.52301739415423,0.5454545454545454,0.614,12,97.04952581664912,0.4765444776793161,0.2924921380819079,40.29235418403528,0.5537475372584952,55.12596397173103,61.76958861012815,4.0,99.0,56.0,63.0,Medium Growth,Moderate growth - maintain current operations with minor optimizations,70
Okhla,827,409262.0,68.91666666666667,34105.166666666664,2.340252330063126,4.751924521762256,-3.703703703703709,15.416741859805615,17.06479268298693,23.481286592182936,0.3636363636363636,0.5513333333333333,12,87.14436248682824,0.637048506711572,0.364790600720106,52.81453443149856,0.5330162155829468,48.22022599989717,61.73519031861705,136.0,62.0,104.0,64.0,Medium Growth,Moderate growth - maintain current operations with minor optimizations,70
Lajpat Nagar,826,393459.0,68.83333333333333,32788.25,2.197584451984924,1.4593231036741974,21.42857142857142,3.5068395807425823,27.056757141496,27.91518490427432,0.5454545454545454,0.5506666666666666,12,87.03898840885142,0.6184807428353957,0.6476894339316168,63.01642192738841,0.2595827515334714,34.53442897097936,61.6785939849046,141.0,30.0,161.0,65.0,Medium Growth,Moderate growth - maintain current operations with minor optimizations,70
Tis Hazari,842,407726.0,70.16666666666667,33977.166666666664,0.5136801039065464,-0.5278161626339416,20.33898305084745,13.028825469668725,18.483058691226624,13.950409613758074,0.5454545454545454,0.5613333333333334,12,88.72497365648051,0.3993260266767409,0.6354245960243203,49.376545441577264,0.4942048898234407,50.9579786512772,61.65550386895822,104.0,72.0,83.0,66.0,Medium Growth,Moderate growth - maintain current operations with minor optimizations,70
Greater Noida,866,443575.0,72.16666666666667,36964.583333333336,0.4973192713486373,-0.0953896648228003,-10.666666666666668,-11.26724722913368,10.347766250680465,12.956654655119406,0.5454545454545454,0.5773333333333334,12,91.25395152792412,0.3971967171233571,0.2864127345082433,35.28831240773116,0.7168299003817715,66.54172939036036,61.45402923857782,55.0,120.0,8.0,67.0,Medium Growth,Moderate growth - maintain current operations with minor optimizations,70
INA Market,839,391989.0,69.91666666666667,32665.75,1.1499097398854885,3.2260807816212607,20.37037037037037,36.58715172068288,20.768717551014515,26.224624737544246,0.4545454545454545,0.5593333333333333,12,88.40885142255004,0.4821292603899894,0.6357779041121849,54.35887178788676,0.4316570672944131,43.85235834697255,61.42191164601148,110.0,53.0,128.0,68.0,Medium Growth,Moderate growth - maintain current operations with minor optimizations,70
Sohna Road,842,410096.0,70.16666666666667,34174.666666666664,0.1885949025850394,1.650983918461568,10.144927536231885,14.50971349512884,14.023645384862848,14.313043678963345,0.5454545454545454,0.5613333333333334,12,88.72497365648051,0.3570172369261261,0.5206762735744123,42.24808515854406,0.6162382330214324,59.50031267513663,61.36681996290277,104.0,94.0,35.0,69.0,Medium Growth,Moderate growth - maintain current operations with minor optimizations,70
Mansarovar Park,877,410340.0,73.08333333333333,34195.0,2.208088139039285,2.913243416924588,-7.8947368421052655,-11.043692467263067,19.8914312459958,22.241626505143262,0.4545454545454545,0.5846666666666667,12,92.41306638566913,0.6198477638052298,0.3176146734089344,49.89545276467117,0.4556643017417047,45.53286475828296,61.3419604490541,34.0,69.0,120.0,70.0,Medium Growth,Moderate growth - maintain current operations with minor optimizations,70
Anand Vihar,859,401098.0,71.58333333333333,33424.833333333336,0.4975065746690418,2.32883768887522,-7.352941176470584,-5.345165617583325,12.707688425872515,17.274323975069347,0.6363636363636364,0.5726666666666667,12,90.5163329820864,0.3972210940459926,0.3237133397986824,36.78179923470685,0.6522498372791231,64.7483977004477,61.292138898642975,70.0,112.0,14.0,71.0,Medium Growth,Moderate growth - maintain current operations with minor optimizations,70
Udyog Vihar,897,442274.0,74.75,36856.16666666666,1.2263881563292005,2.5587529754356093,-7.86516853932584,-13.283174645449105,15.849720582717854,20.859860667744123,0.4545454545454545,0.598,12,94.52054794520548,0.4920826794586627,0.3179475059245869,42.24286100450324,0.5662670717910582,53.27505866173771,61.23582638388425,13.0,95.0,66.0,72.0,Medium Growth,Moderate growth - maintain current operations with minor optimizations,70
Basai Dhankot,862,425497.0,71.83333333333333,35458.083333333336,0.3636443984807801,-0.1813413628469162,0.0,-20.27860242064399,10.50168024109442,14.574289042451882,0.3636363636363636,0.5746666666666667,12,90.83245521601684,0.3797993638506901,0.4064809550881182,39.04720003456613,0.7126179923291236,60.79235037212956,61.10632169027038,62.0,102.0,25.0,73.0,Medium Growth,Moderate growth - maintain current operations with minor optimizations,70
Vidhan Sabha,825,384050.0,68.75,32004.166666666668,2.942255350646015,4.146555390568701,-13.513513513513509,-4.082549778761058,19.788664506709587,30.63583623638193,0.4545454545454545,0.5499999999999999,12,86.9336143308746,0.715397256896256,0.2543674999615876,53.09853541223886,0.458476548085132,45.72972200232287,61.03841506485479,143.0,59.0,118.0,74.0,Medium Growth,Moderate growth - maintain current operations with minor optimizations,70
MG Road,820,385292.0,68.33333333333333,32107.666666666668,0.0071610588905251,2.3879076427140493,3.174603174603185,11.803388319215347,11.70999356905093,22.19235723195215,0.6363636363636364,0.5466666666666666,12,86.40674394099051,0.3334042077408162,0.4422155445464145,37.69287424630555,0.6795520921958482,66.65955554461847,60.99703954420491,157.0,109.0,7.0,75.0,Medium Growth,Moderate growth - maintain current operations with minor optimizations,70
Jasola,887,424511.0,73.91666666666667,35375.916666666664,-0.4444630425927746,1.2595596271093734,14.0625,40.94776943069747,13.705593917005718,19.46323835205607,0.4545454545454545,0.5913333333333333,12,93.4668071654373,0.2746267885341207,0.5647740193291643,39.06856808521382,0.6249418182837014,57.382290916222736,60.88215665858354,18.0,101.0,43.0,76.0,Medium Growth,Moderate growth - maintain current operations with minor optimizations,70
Tughlakabad,869,435165.0,72.41666666666667,36263.75,0.7139026309422604,1.8674120711094504,11.111111111111116,26.136988183566917,19.526266580425503,25.269456237232504,0.5454545454545454,0.5793333333333334,12,91.5700737618546,0.4253843423590744,0.5315520181921547,46.78514126923065,0.4656571554863278,48.9596372476793,60.87296981055242,45.0,79.0,98.0,77.0,Medium Growth,Moderate growth - maintain current operations with minor optimizations,70
Ashram,874,427364.0,72.83333333333333,35613.666666666664,2.286122629276821,4.563342413388446,7.246376811594213,-4.120238403731536,27.13996425418336,40.8624918118519,0.5454545454545454,0.5826666666666667,12,92.09694415173868,0.6300037008559941,0.4880490397211855,57.32218364020707,0.2573057609426685,34.37503962962316,60.87046859049137,38.0,45.0,162.0,78.0,Medium Growth,Moderate growth - maintain current operations with minor optimizations,70
Ambience Mall,873,407878.0,72.75,33989.833333333336,0.6774568306750085,0.5356213862846526,5.882352941176472,5.167950079660111,15.072658840605753,15.684257069179342,0.3636363636363636,0.582,12,91.99157007376184,0.4206410390818667,0.4726950473196669,44.14626423769868,0.587531627405554,52.03630482747968,60.86686816545193,39.0,87.0,76.0,79.0,Medium Growth,Moderate growth - maintain current operations with minor optimizations,70
Civil Lines Gurgaon,863,413951.0,71.91666666666667,34495.916666666664,2.7202531683339,2.94217386362446,5.633802816901401,-6.517715494447385,24.464810605408104,27.057333854406814,0.2727272727272727,0.5753333333333334,12,90.93782929399369,0.6865043893727919,0.4698972687746718,59.98615411335438,0.3305122392169476,31.317674927004514,60.67111291164122,60.0,35.0,169.0,80.0,Medium Growth,Moderate growth - maintain current operations with minor optimizations,70
Preet Vihar,832,399664.0,69.33333333333333,33305.333333333336,1.0387441875210313,0.9429095261102723,1.5873015873015817,-10.95744012070158,16.818449403072304,20.606440457269308,0.5454545454545454,0.5546666666666666,12,87.67123287671232,0.4676614225327771,0.4243482498172662,45.03361534465728,0.5397574821929378,54.14666011714201,60.55881403601921,125.0,85.0,63.0,81.0,Medium Growth,Moderate growth - maintain current operations with minor optimizations,70
RK Puram,850,405689.0,70.83333333333333,33807.416666666664,1.237988532819414,1.245966193464921,-4.109589041095896,0.1341363263071437,15.81958216600258,14.584808120445144,0.4545454545454545,0.5666666666666667,12,89.56796628029505,0.4935924310190452,0.3602217947619677,44.02441765162142,0.5670918196889958,53.33279101459334,60.47999424911508,85.0,88.0,65.0,82.0,Medium Growth,Moderate growth - maintain current operations with minor optimizations,70
Nawada,880,397674.0,73.33333333333333,33139.5,-0.1709298423221942,0.085582376213608,18.032786885245898,26.532663316582905,16.79157367583536,18.89774124909845,0.4545454545454545,0.5866666666666667,12,92.72918861959958,0.3102262517302792,0.6094651394700789,42.99218068261991,0.5404929454972522,51.47086982117128,60.456889805279225,29.0,91.0,79.0,83.0,Medium Growth,Moderate growth - maintain current operations with minor optimizations,70
Samaypur Badli,879,422291.0,73.25,35190.916666666664,-0.3749654313392287,0.823007521719762,11.475409836065564,25.121385607652734,15.252008854300826,19.30112258185213,0.5454545454545454,0.586,12,92.62381454162276,0.2836716783376041,0.5356527087857295,38.44640905168543,0.5826236540309888,57.14729214580557,60.30989562690267,31.0,104.0,47.0,84.0,Medium Growth,Moderate growth - maintain current operations with minor optimizations,70
Keshav Puram,865,428418.0,72.08333333333333,35701.5,-0.5700540686590428,-0.4364722263173464,5.882352941176472,5.696559503666099,10.249818139414536,9.003887857611963,0.4545454545454545,0.5766666666666667,12,91.14857744994733,0.2582815218323412,0.4726950473196669,34.40469320272715,0.7195102833506819,64.00208347091136,60.30707555734847,57.0,123.0,16.0,85.0,Medium Growth,Moderate growth - maintain current operations with minor optimizations,70
Khandsa,949,457320.0,79.08333333333333,38110.0,1.2753590978751468,4.994361441630306,-17.204301075268813,-14.281475620611218,18.15966102323729,18.93388933915441,0.4545454545454545,0.6326666666666667,12,100.0,0.4984560894488269,0.2128225347979974,38.42026675884952,0.5030547756482988,48.85019793174455,60.02316608306317,1.0,105.0,100.0,86.0,Medium Growth,Moderate growth - maintain current operations with minor optimizations,70
Arjangarh,810,406092.0,67.5,33841.0,2.498909591457458,2.5979339230429503,1.4084507042253502,6.565425548135262,21.726658719029174,30.680492802527496,0.3636363636363636,0.54,12,85.35300316122235,0.6576972372211543,0.4223350335097566,56.35523557365952,0.4054426854265122,39.29007888894675,59.93501884451453,166.0,46.0,151.0,87.0,Stable,Strong presence - optimize pricing and improve service quality,60
Indraprastha,850,415594.0,70.83333333333333,34632.833333333336,0.8528459455654492,0.1930263740455977,2.9850746268656803,-17.87108023580859,16.947876021087332,23.469451695095398,0.4545454545454545,0.5666666666666667,12,89.56796628029505,0.4434673663224821,0.440082136220546,44.21132742817077,0.536215679312132,51.17146118821288,59.906359211820686,85.0,86.0,80.0,88.0,Stable,Strong presence - optimize pricing and improve service quality,60
Greater Kailash,895,415768.0,74.58333333333333,34647.333333333336,0.5371105062786001,1.4830674997012565,-19.27710843373493,-30.96377795241837,10.84107911567357,19.79052812076285,0.4545454545454545,0.5966666666666667,12,94.30979978925184,0.4023754179246406,0.189490195004007,31.72213287563872,0.703330228110583,62.86947960410444,59.84263696826237,14.0,132.0,18.0,89.0,Stable,Strong presence - optimize pricing and improve service quality,60
Ramesh Nagar,811,401278.0,67.58333333333333,33439.833333333336,0.9654762604277172,0.1275821009033808,-17.105263157894733,-12.596599690880996,10.741387651318014,14.712354093907065,0.5454545454545454,0.5406666666666666,12,85.45837723919915,0.4581258382913135,0.2139373447832201,36.045044088807614,0.7060583185224429,65.78771866020736,59.791846405345,165.0,115.0,10.0,90.0,Stable,Strong presence - optimize pricing and improve service quality,60
Rajiv Chowk,830,407802.0,69.16666666666667,33983.5,1.710738302175985,1.3559020314463697,10.9375,4.131997864925108,23.27839646119717,23.406377737729045,0.4545454545454545,0.5533333333333333,12,87.46048472075869,0.5551192877170757,0.529597782831154,54.49106857627071,0.362978860830341,39.04488389448751,59.74803801508215,130.0,52.0,155.0,91.0,Stable,Strong presence - optimize pricing and improve service quality,60
Dilshad Garden,804,395820.0,67.0,32985.0,1.1460380071861342,3.662047899187472,3.076923076923066,1.7894432486265988,17.84132345159498,24.256745772571342,0.5454545454545454,0.536,12,84.72075869336143,0.4816253668750535,0.4411160187169282,46.542162761180336,0.5117661902367614,52.18726968020966,59.68927361654346,168.0,80.0,73.0,92.0,Stable,Strong presence - optimize pricing and improve service quality,60
Bahadurgarh,802,380322.0,66.83333333333333,31693.5,1.803027819846448,-0.3718058823575731,-16.883116883116877,-27.989410617249543,15.191932147144438,18.648455032774592,0.5454545454545454,0.5346666666666666,12,84.5100105374078,0.5671304705806216,0.2164379111508163,42.685344680869946,0.5842676733041425,57.26237349492634,59.60585308204821,170.0,93.0,45.0,93.0,Stable,Strong presence - optimize pricing and improve service quality,60
Old Gurgaon,807,380599.0,67.25,31716.58333333333,2.272878945854292,1.819415611808052,7.692307692307687,11.050065492650262,24.53123620539099,27.410334505951152,0.4545454545454545,0.538,12,85.03688092729189,0.6282800782020876,0.4930686141601433,57.41954925853099,0.3286944803587865,36.64497726147869,59.47237716004357,167.0,44.0,160.0,94.0,Stable,Strong presence - optimize pricing and improve service quality,60
Golf Course Road,818,387519.0,68.16666666666667,32293.25,2.7534654629613926,1.2929060454182697,-17.567567567567565,-24.72242092495257,21.43999995544707,23.12584786186273,0.5454545454545454,0.5453333333333333,12,86.19599578503689,0.6908268623270141,0.2087334634236283,49.798950276565975,0.4132871987904128,45.29374027896525,59.36650092982703,159.0,71.0,123.0,95.0,Stable,Strong presence - optimize pricing and improve service quality,60
Madipur,919,434085.0,76.58333333333333,36173.75,-1.0458275455879678,1.731875089799569,6.666666666666665,33.77526178394392,11.746410576571607,20.71884072107587,0.3636363636363636,0.6126666666666667,12,96.83877766069548,0.1963611393526817,0.48152359295054,31.042612079182508,0.6785555285513274,58.40797790768383,58.991071502186784,6.0,135.0,38.0,96.0,Stable,Strong presence - optimize pricing and improve service quality,60
Indirapuram,854,410350.0,71.16666666666667,34195.833333333336,1.4823552861178733,2.5862794027079867,-4.225352112676061,2.885967088398256,20.18555823364252,20.098215502280404,0.4545454545454545,0.5693333333333334,12,89.98946259220232,0.5253959752754931,0.3589187198232029,45.8805073094577,0.4476154179174442,44.96944289058472,58.8398745686192,76.0,83.0,125.0,97.0,Stable,Strong presence - optimize pricing and improve service quality,60
Chandni Chowk,862,403742.0,71.83333333333333,33645.166666666664,1.0779394911987197,2.27930086548054,-3.797468354430378,3.467297084318366,18.638067944136527,26.770225684710866,0.4545454545454545,0.5746666666666667,12,90.83245521601684,0.4727625648049249,0.3637351487107894,42.91515983672707,0.4899630095446552,47.933774304489496,58.795932790842734,62.0,92.0,105.0,98.0,Stable,Strong presence - optimize pricing and improve service quality,60
Connaught Place,837,406438.0,69.75,33869.833333333336,2.1468491842942905,4.603563115853132,-10.666666666666668,-17.093292212798772,19.69350712225214,28.92197223515259,0.3636363636363636,0.5579999999999999,12,88.19810326659642,0.6118777114918026,0.2864127345082433,48.169172069837884,0.4610805618774278,43.18473024051085,58.682518880067335,117.0,75.0,134.0,99.0,Stable,Strong presence - optimize pricing and improve service quality,60
Chirag Delhi,800,380759.0,66.66666666666667,31729.916666666668,2.273189124312482,4.101271310603596,0.0,10.010164077246998,23.19251351352361,23.730759509192225,0.4545454545454545,0.5333333333333333,12,84.29926238145417,0.6283204469273308,0.4064809550881182,53.95846501916458,0.3653290765444453,39.20939899447481,58.63598442044452,171.0,56.0,152.0,100.0,Stable,Strong presence - optimize pricing and improve service quality,60
IGI Airport,879,411105.0,73.25,34258.75,0.3776135539979174,0.5471958211006896,-7.594936708860756,-19.05024451049957,13.683257771498074,18.236315138504377,0.3636363636363636,0.586,12,92.62381454162276,0.3816174043562734,0.3209893423334605,35.73661795471482,0.6255530544089928,54.6978047177204,58.49113295968888,31.0,118.0,60.0,101.0,Stable,Strong presence - optimize pricing and improve service quality,60
Narsinghpur,839,385856.0,69.91666666666667,32154.666666666668,-0.4681919620900102,-0.3237075533635027,0.0,-9.615845619081863,12.307900163211276,10.392026717719842,0.5454545454545454,0.5593333333333333,12,88.40885142255004,0.2715385462458324,0.4064809550881182,32.55155097827468,0.6631901773893896,62.78694878089362,58.379360452342965,110.0,127.0,19.0,102.0,Stable,Strong presence - optimize pricing and improve service quality,60
Rithala,872,426177.0,72.66666666666667,35514.75,1.533257899215304,3.4807733453330525,-1.3698630136986356,7.033742251731212,21.84100292640511,20.943602704282902,0.3636363636363636,0.5813333333333334,12,91.88619599578504,0.5320207860836793,0.3910612349794014,47.56369656419681,0.4023136177795424,39.07104415365888,58.3126506705119,42.0,76.0,154.0,103.0,Stable,Strong presence - optimize pricing and improve service quality,60
Pragati Maidan,920,434966.0,76.66666666666667,36247.16666666666,-1.2468583232542654,-0.0499710797208474,7.246376811594213,1.3760451852262046,15.205497662355857,19.191034087705717,0.5454545454545454,0.6133333333333334,12,96.94415173867228,0.170197632459379,0.4880490397211855,29.73381953641016,0.5838964484232618,57.23638775326469,58.147689662145154,5.0,140.0,46.0,104.0,Stable,Strong presence - optimize pricing and improve service quality,60
Hero Honda Chowk,857,415440.0,71.41666666666667,34620.0,-1.0316973211710054,-0.5848620656539109,0.0,12.622938964420015,10.65289746827809,15.278815591249058,0.5454545454545454,0.5713333333333334,12,90.30558482613276,0.1982001424557329,0.4064809550881182,28.1512467508687,0.7084798821082074,65.95722811121088,58.13934258155057,72.0,144.0,9.0,105.0,Stable,Strong presence - optimize pricing and improve service quality,60
Sultanpur,847,418314.0,70.58333333333333,34859.5,3.9589408575321534,4.040609265772756,1.4705882352941124,-4.666393778141631,36.542580818495246,33.83827180039215,0.4545454545454545,0.5646666666666667,12,89.2518440463646,0.8477155942997526,0.4230344781460053,67.78431478382537,0.0,13.636363636363637,57.980188218348616,94.0,23.0,176.0,106.0,Stable,Strong presence - optimize pricing and improve service quality; High volatility - implement risk mitigation strategies,60
Seelampur,832,391914.0,69.33333333333333,32659.5,4.82404712990641,7.857025141034334,-24.418604651162788,-26.85537524856996,32.4607669299634,45.11991454341982,0.4545454545454545,0.5546666666666666,12,87.67123287671232,0.9603063835483278,0.1316154791966895,62.88300218076724,0.1117002082804705,21.45537821599657,57.89118420011957,125.0,31.0,175.0,107.0,Stable,Strong presence - optimize pricing and improve service quality; High volatility - implement risk mitigation strategies,60
Yamuna Bank,824,393836.0,68.66666666666667,32819.666666666664,0.0501006296995617,1.175857454185146,2.898550724637672,13.687990890244972,16.152334095951677,12.86927897826129,0.5454545454545454,0.5493333333333333,12,86.82824025289779,0.3389926542956147,0.439108188941345,37.903886815390685,0.5579859513431926,55.42265295765985,57.83682268932357,148.0,108.0,55.0,108.0,Stable,Strong presence - optimize pricing and improve service quality,60
Gurgaon Sector 29,824,382801.0,68.66666666666667,31900.08333333333,-0.6931650229179945,2.030051214909101,4.285714285714293,36.36422344204069,12.60769600195175,17.95712085349797,0.5454545454545454,0.5493333333333333,12,86.82824025289779,0.2422590284719369,0.454722650856818,32.724447742588936,0.6549861635505877,62.21266781217749,57.80205151655815,148.0,126.0,21.0,109.0,Stable,Strong presence - optimize pricing and improve service quality,60
New Colony,881,429310.0,73.41666666666667,35775.833333333336,2.2694338299953394,1.6518713348442666,-30.000000000000004,-25.633202576395952,19.679148621350667,24.09580564274569,0.4545454545454545,0.5873333333333334,12,92.8345626975764,0.6278317074920388,0.06878908470722,40.42146583781113,0.4614734870781078,45.93950773183119,57.800807463946725,28.0,98.0,116.0,110.0,Stable,Strong presence - optimize pricing and improve service quality,60
Model Town,867,395974.0,72.25,32997.833333333336,1.2688959812263336,2.216634769330687,2.941176470588225,10.053701311943453,22.37414701539314,23.068281500223616,0.3636363636363636,0.5780000000000001,12,91.35932560590096,0.4976149356764721,0.4395880012038924,47.44041618874403,0.3877239506830633,38.049767456905336,57.7988943943395,53.0,77.0,158.0,111.0,Stable,Strong presence - optimize pricing and improve service quality,60
Kashmere Gate ISBT,838,402063.0,69.83333333333333,33505.25,0.5467967732616867,0.9197353805262972,-6.849315068493156,2.9294799793570414,16.150056157933516,15.66730631158117,0.4545454545454545,0.5586666666666666,12,88.30347734457324,0.4036360543103936,0.3293823545445341,37.39345744040498,0.5580482878822968,52.69974378812441,57.25834931597128,114.0,110.0,69.0,112.0,Stable,Strong presence - optimize pricing and improve service quality,60
Tagore Garden,889,435444.0,74.08333333333333,36287.0,-0.371816432452223,1.2085059736600845,-6.578947368421051,-3.792038903914985,12.660413805458862,19.35877320996716,0.3636363636363636,0.5926666666666667,12,93.67755532139094,0.2840815103794616,0.3324257203554651,30.341919436986306,0.6535435231479035,56.65713752944416,57.23717563004505,17.0,138.0,48.0,113.0,Stable,Strong presence - optimize pricing and improve service quality,60
Bhiwadi,848,408441.0,70.66666666666667,34036.75,1.609457865183012,0.9418418233100148,5.882352941176472,-0.968923549568712,26.549374723276625,22.659375588821604,0.4545454545454545,0.5653333333333334,12,89.35721812434141,0.54193796572159,0.4726950473196669,51.42407983608208,0.2734674418551405,32.779084566223474,57.2105227416023,90.0,67.0,165.0,114.0,Stable,Strong presence - optimize pricing and improve service quality,60
Kalkaji,803,386226.0,66.91666666666667,32185.5,0.671218712452356,3.1020424883994817,-1.4084507042253502,16.18471337579619,16.700335056971912,25.06361830884647,0.4545454545454545,0.5353333333333333,12,84.61538461538461,0.4198291681285018,0.3906268766664798,40.8148251543693,0.542989720952621,51.645644103047104,57.20423867727724,169.0,97.0,78.0,115.0,Stable,Strong presence - optimize pricing and improve service quality,60
Udyog Vihar Phase 4,838,396936.0,69.83333333333333,33078.0,0.6123054816293929,0.9066363623441046,-20.238095238095237,-16.847943140211076,13.860416047135798,16.675585091491932,0.5454545454545454,0.5586666666666666,12,88.30347734457324,0.4121618012773326,0.1786729472914806,31.876625968299184,0.6207050586826466,59.81299047142162,57.18559073211813,114.0,130.0,33.0,116.0,Stable,Strong presence - optimize pricing and improve service quality,60
Chanakyapuri,873,412285.0,72.75,34357.083333333336,1.049247784006983,-0.183581578218974,-21.42857142857143,-29.435463307664843,16.429442765224675,15.354188335053433,0.4545454545454545,0.582,12,91.99157007376184,0.4690284317154249,0.1652724762446195,34.75260495271028,0.5504027795182638,52.1645582026421,57.1478804640053,39.0,121.0,74.0,117.0,Stable,Strong presence - optimize pricing and improve service quality,60
Gurgaon Sector 56,829,400402.0,69.08333333333333,33366.833333333336,-0.2942168881754883,1.20151804001342,8.92857142857142,27.486737400530515,16.225758545024004,15.246557670917822,0.4545454545454545,0.5526666666666666,12,87.35511064278188,0.2941808406172009,0.506984487939576,37.93022995461509,0.5559766666285464,52.55473030036188,57.14504426478916,134.0,107.0,71.0,118.0,Stable,Strong presence - optimize pricing and improve service quality,60
Noida Film City,883,426084.0,73.58333333333333,35507.0,-0.4968873752348095,0.5305512265842848,-22.78481012658228,-20.85373642750692,10.021738536584028,15.187220156330469,0.5454545454545454,0.5886666666666667,12,93.04531085353004,0.2678039308385022,0.1500061168241449,22.06848052327593,0.7257517583018729,67.16625944476746,56.890863298799616,27.0,158.0,5.0,119.0,Stable,Strong presence - optimize pricing and improve service quality,60
Akshardham,839,385633.0,69.91666666666667,32136.08333333333,-0.4362734546098823,-0.1505539317961934,7.93650793650793,2.6017598278154086,16.35857269770416,17.06347685321202,0.4545454545454545,0.5593333333333333,12,88.40885142255004,0.2756926369784788,0.4958174287338584,36.37425536806307,0.5523421627236405,52.30031502701846,56.76245208209578,110.0,114.0,72.0,120.0,Stable,Strong presence - optimize pricing and improve service quality,60
Shahdara,820,392220.0,68.33333333333333,32685.0,-0.9968447394684642,0.2917067173885415,16.393442622950815,28.385543849856965,15.064142282114853,19.32627281113757,0.4545454545454545,0.5466666666666666,12,86.40674394099051,0.2027360934788021,0.5910120317989915,35.804646880687784,0.5877646858896606,54.77989164863988,56.67784942916423,157.0,117.0,59.0,121.0,Stable,Strong presence - optimize pricing and improve service quality,60
Ghitorni,862,410834.0,71.83333333333333,34236.166666666664,-1.8127351719156508,-2.8253671458951106,0.0,-13.279004390536652,7.916640889225265,12.721322341698306,0.4545454545454545,0.5746666666666667,12,90.83245521601684,0.0965505869542932,0.4064809550881182,22.052273420782324,0.7833584625960949,68.47145601809027,56.61208273854507,62.0,159.0,3.0,122.0,Stable,Strong presence - optimize pricing and improve service quality,60
Noida Extension,827,400064.0,68.91666666666667,33338.666666666664,-0.7279049474406669,1.8631238608710807,-7.14285714285714,-3.121825320556826,8.36754410054795,15.21525076623714,0.3636363636363636,0.5513333333333333,12,87.14436248682824,0.2377377394172305,0.326078128806952,27.307389517311915,0.7710193447444496,64.88044504120238,56.53039806533396,136.0,148.0,13.0,123.0,Stable,Strong presence - optimize pricing and improve service quality,60
Mayur Vihar,868,432947.0,72.33333333333333,36078.91666666666,0.7538004022007524,0.2272260985512965,3.5087719298245723,0.2991772625280386,23.44859053709699,29.117208787227284,0.4545454545454545,0.5786666666666667,12,91.46469968387775,0.4305769085196737,0.4459770802788667,43.67369772233509,0.3583214427693353,38.71886463021711,56.5245483831625,48.0,89.0,157.0,124.0,Stable,Strong presence - optimize pricing and improve service quality,60
Lok Kalyan Marg,880,421207.0,73.33333333333333,35100.583333333336,-0.0607152582627856,-0.7449721307816998,-11.111111111111116,-12.895300671332668,16.63052663741983,21.019374206321096,0.5454545454545454,0.5866666666666667,12,92.72918861959958,0.3245703241318072,0.2814098919840818,30.730615127271705,0.5449000518046978,54.5066399899652,56.46299463377812,29.0,137.0,61.0,125.0,Stable,Strong presence - optimize pricing and improve service quality,60
Anand Vihar ISBT,831,416948.0,69.25,34745.666666666664,-0.8396707135556946,-0.6734584867905151,-9.230769230769232,2.512968657782744,11.039003263692344,16.23583944603291,0.5454545454545454,0.5539999999999999,12,87.5658587987355,0.2231917856775509,0.3025757642016879,25.49453770872057,0.6979139673105632,65.21761407537579,56.03285694572162,128.0,154.0,11.0,126.0,Stable,Strong presence - optimize pricing and improve service quality,60
Subhash Chowk,887,433714.0,73.91666666666667,36142.833333333336,1.3937746844880337,2.765380748172326,-1.2820512820512775,-6.7060752073915815,26.02349890804207,30.684534255319942,0.3636363636363636,0.5913333333333333,12,93.4668071654373,0.5138674958642345,0.3920496785761141,46.51403689489864,0.2878582101986942,31.0591656229995,55.9634065944905,18.0,81.0,170.0,127.0,Stable,Strong presence - optimize pricing and improve service quality,60
Inderlok,887,440036.0,73.91666666666667,36669.66666666666,0.9332185418081844,1.909449431364804,-16.883116883116877,-25.57765630024347,21.56815018818338,24.95772280464156,0.5454545454545454,0.5913333333333333,12,93.4668071654373,0.4539276003236659,0.2164379111508163,35.89317246545261,0.4097803246215405,45.0482590871442,55.911788861955486,18.0,116.0,124.0,128.0,Stable,Strong presence - optimize pricing and improve service quality,60
Moti Nagar,853,395022.0,71.08333333333333,32918.5,0.5821487122747719,1.3159840637759876,-14.634146341463415,-26.311549215676976,15.88532739432003,25.284796104970443,0.3636363636363636,0.5686666666666667,12,89.8840885142255,0.4082369950757714,0.2417532134388995,34.16434824210227,0.5652926794300196,50.47957846919228,55.77483939186624,80.0,124.0,89.0,129.0,Stable,Strong presence - optimize pricing and improve service quality,60
Punjabi Bagh,868,422482.0,72.33333333333333,35206.833333333336,1.1673410969096003,4.6855141252906325,-12.0,-12.72637062763582,22.279887266570952,33.79065021648116,0.4545454545454545,0.5786666666666667,12,91.46469968387775,0.4843978952475684,0.2714042069357589,39.92004199228446,0.3903034003746538,40.9576016625894,55.694707200853934,48.0,100.0,144.0,130.0,Stable,Strong presence - optimize pricing and improve service quality,60
Dwarka Sector 21,914,438175.0,76.16666666666667,36514.583333333336,1.198066073931095,1.4413017299375552,-7.692307692307687,-4.633881313750921,26.599840956400733,27.93283977908128,0.4545454545454545,0.6093333333333334,12,96.31190727081136,0.4883966518431024,0.3198932960160931,42.099530951229866,0.2720864164323666,32.6824127866293,55.53810839772415,9.0,96.0,167.0,131.0,Stable,Strong presence - optimize pricing and improve service quality,60
GTB Nagar,872,413500.0,72.66666666666667,34458.333333333336,-1.3988280804237063,-0.7005076917650938,-5.405405405405405,-0.7660499390340858,10.035620968951624,16.07236283045034,0.3636363636363636,0.5813333333333334,12,91.88619599578504,0.1504192590409748,0.3456355730375059,22.85057846395873,0.7253718608765501,61.68512117044942,55.21162653545382,42.0,157.0,22.0,132.0,Stable,Strong presence - optimize pricing and improve service quality,60
Netaji Subhash Place,830,388841.0,69.16666666666667,32403.416666666668,1.189115740978788,1.4630974409383095,3.125,-3.665353830517093,27.47843719100409,31.05295769672256,0.5454545454545454,0.5533333333333333,12,87.46048472075869,0.4872317948962534,0.4416571915861285,46.90019535722035,0.2480433353219412,33.72666983617225,55.11622450996742,130.0,78.0,163.0,133.0,Stable,Strong presence - optimize pricing and improve service quality,60
Ghitorni Village,790,369269.0,65.83333333333333,30772.416666666668,1.049026807123325,2.6950817066659742,-11.940298507462687,-16.270006544892013,19.816357840931936,24.71015438613956,0.5454545454545454,0.5266666666666667,12,83.245521601686,0.4689996722872123,0.2720762305584075,39.02302955956903,0.457718710691,48.40394611200636,55.10405213793533,176.0,103.0,102.0,134.0,Stable,Strong presence - optimize pricing and improve service quality,60
South Extension,844,398209.0,70.33333333333333,33184.083333333336,0.6495093351990555,2.3229735223415813,-30.33707865168539,-25.42804147246267,13.680967535161557,19.150792261977863,0.4545454545454545,0.5626666666666666,12,88.93572181243414,0.4170037627452581,0.064994794028783,27.620017525866807,0.6256157274957101,57.42946456106335,54.957562922395965,100.0,147.0,42.0,135.0,Stable,Strong presence - optimize pricing and improve service quality,60
Janakpuri,848,403529.0,70.66666666666667,33627.416666666664,-0.8664695328072043,-1.213283768445344,-6.060606060606055,-18.88075615238315,13.349097190247754,15.001682198912167,0.4545454545454545,0.5653333333333334,12,89.35721812434141,0.2197040058442403,0.3382603752131893,26.71265535918199,0.6346974709708681,58.0651866043244,54.91178356227254,90.0,150.0,40.0,136.0,Stable,Strong presence - optimize pricing and improve service quality,60
Karol Bagh,869,410313.0,72.41666666666667,34192.75,-1.5749461342780402,-1.4227722611664253,-18.9873417721519,-14.643052241166156,8.150172449830274,8.625784382042314,0.5454545454545454,0.5793333333333334,12,91.5700737618546,0.1274980627468343,0.1927519232014738,15.359960692869011,0.7769677929889057,70.75138187285975,54.840420967561904,45.0,168.0,2.0,137.0,Stable,Strong presence - optimize pricing and improve service quality,60
Lal Quila,827,387948.0,68.91666666666667,32329.0,-0.5814308697933799,2.49746094402062,6.349206349206349,5.329885988411931,18.458687525155653,29.746824867153435,0.4545454545454545,0.5513333333333333,12,87.14436248682824,0.2568008678829442,0.4779501340047104,34.52605743316507,0.4948718149700805,48.277390684269264,54.436948924595285,136.0,122.0,103.0,138.0,Stable,Strong presence - optimize pricing and improve service quality,60
Delhi Gate,854,404321.0,71.16666666666667,33693.416666666664,1.326448409550582,1.685877581675242,-25.0,-14.48439295289161,20.812342228971243,19.883353365924545,0.4545454545454545,0.5693333333333334,12,89.98946259220232,0.5051051984743772,0.1250710631040364,35.309154432624084,0.4304632633271068,43.76879206926111,54.25113817148866,76.0,119.0,129.0,139.0,Stable,Strong presence - optimize pricing and improve service quality,60
Green Park,842,387193.0,70.16666666666667,32266.08333333333,-0.6369666840968683,1.0833012882908433,0.0,3.718326458456089,17.339581311804192,21.777523956382296,0.4545454545454545,0.5613333333333334,12,88.72497365648051,0.2495730608912882,0.4064809550881182,31.233621857002024,0.52549653244447,50.421120907476535,54.23727711198792,104.0,133.0,90.0,140.0,Stable,Strong presence - optimize pricing and improve service quality,60
Jor Bagh,884,424411.0,73.66666666666667,35367.583333333336,0.5300454694047386,1.3426355084640498,-17.500000000000004,-17.90939715420584,21.93489150805432,28.360323523621396,0.5454545454545454,0.5893333333333334,12,93.15068493150685,0.4014559261776726,0.2094940306992609,32.4671167986308,0.3997443252023283,44.34573912779933,54.235773937244176,23.0,128.0,126.0,141.0,Stable,Strong presence - optimize pricing and improve service quality,60
Ashok Vihar,796,386281.0,66.33333333333333,32190.08333333333,-0.3502447853186197,1.0369120228042985,8.47457627118644,-6.054741498479399,17.785592130116648,24.21103152149549,0.3636363636363636,0.5306666666666667,12,83.8777660695469,0.286888990632146,0.5018741388115358,37.2883049903902,0.5132912965710716,46.83948166906592,54.13049631773992,175.0,111.0,112.0,142.0,Stable,Strong presence - optimize pricing and improve service quality,60
Ghaziabad,851,410026.0,70.91666666666667,34168.833333333336,-0.989465219703687,0.2039384397900176,-12.16216216216216,-12.71247840383436,10.900576141101975,13.733317539098788,0.3636363636363636,0.5673333333333334,12,89.67334035827187,0.2036965141590399,0.2695788454742406,23.004944668512024,0.7017020720226503,60.02823595067643,54.1124507600893,83.0,155.0,32.0,143.0,Stable,Strong presence - optimize pricing and improve service quality,60
India Gate,868,420200.0,72.33333333333333,35016.666666666664,0.9119577173773986,2.759634123615997,-11.267605633802813,-15.862587908430523,23.977648495838466,36.03562291541732,0.4545454545454545,0.5786666666666667,12,91.46469968387775,0.4511605726425836,0.2796483277150109,38.25556746715545,0.343843593999724,37.70541521634431,54.05326145692881,48.0,106.0,159.0,144.0,Stable,Strong presence - optimize pricing and improve service quality,60
New Delhi Railway Station,847,400668.0,70.58333333333333,33389.0,0.0516722402480741,-0.4259951207806855,-9.589041095890416,-22.480777013354917,18.702106648004303,24.479899670957177,0.4545454545454545,0.5646666666666667,12,89.2518440463646,0.3391971943361843,0.2985429143271005,32.29354823325508,0.488210568900524,47.81110345940032,54.0363035450315,94.0,129.0,107.0,145.0,Stable,Strong presence - optimize pricing and improve service quality,60
Kashmere Gate,835,388083.0,69.58333333333333,32340.25,-0.182221917126557,0.1988662612507115,-18.9873417721519,-15.10174723529235,15.548242201912162,21.034623108880183,0.5454545454545454,0.5566666666666666,12,87.98735511064278,0.308756624639277,0.1927519232014738,26.235474406415577,0.5745171289586981,56.57983539074522,53.86434691298263,120.0,152.0,49.0,146.0,Stable,Strong presence - optimize pricing and improve service quality,60
Subhash Nagar,861,425853.0,71.75,35487.75,-0.5974729844937587,1.2357700448042253,-8.21917808219178,-18.19155201027892,17.528909828069366,25.489553026394614,0.4545454545454545,0.5740000000000001,12,90.72708113804003,0.2547130384300669,0.3139626344358173,27.84128768323671,0.5203154939949539,50.05844821601041,53.372173879509816,66.0,146.0,93.0,147.0,Stable,Strong presence - optimize pricing and improve service quality,60
Moolchand,848,394508.0,70.66666666666667,32875.666666666664,-0.9362246753550828,-0.1110268982933032,-4.225352112676061,-16.097730029457637,14.80180038806206,21.36883244157869,0.3636363636363636,0.5653333333333334,12,89.35721812434141,0.210625599173973,0.3589187198232029,26.994284743366503,0.594943759950024,52.55515410559259,53.371425566326806,90.0,149.0,70.0,148.0,Stable,Strong presence - optimize pricing and improve service quality,60
Kanhaiya Nagar,895,420907.0,74.58333333333333,35075.583333333336,0.3970467048750715,1.800278945829031,-21.176470588235297,-22.835742504167523,19.5261737827881,24.214469678148983,0.3636363636363636,0.5966666666666667,12,94.30979978925184,0.3841465662231045,0.168110223054543,29.773202895568,0.4656596949248492,43.50526955383035,53.25380196115185,14.0,139.0,132.0,149.0,Stable,Strong presence - optimize pricing and improve service quality,60
Barakhamba Road,946,460386.0,78.83333333333333,38365.5,0.1972186147346551,0.2732538619596444,-34.88372093023256,-28.03097292259159,19.797981467649763,24.08584900552625,0.5454545454545454,0.6306666666666667,12,99.68387776606956,0.3581395852296623,0.0138159895289343,22.04101469493711,0.4582215863191184,48.43914740597464,53.2533134295881,2.0,160.0,101.0,150.0,Stable,Strong presence - optimize pricing and improve service quality,60
Cyber Hub,864,411162.0,72.0,34263.5,-0.991507658210768,0.2121543965000384,-17.721518987341767,-13.663805181241562,14.550043050663788,15.444447280897894,0.5454545454545454,0.5760000000000001,12,91.04320337197048,0.2034306973792438,0.2070005253272501,20.48586285584464,0.6018331840618221,58.4919592479639,53.054893928318165,58.0,162.0,37.0,151.0,Stable,Strong presence - optimize pricing and improve service quality,60
Kirti Nagar,827,393920.0,68.91666666666667,32826.666666666664,0.1489939091477911,0.3716111714187969,-20.51282051282052,-30.4648713705431,18.62010258808608,21.11527264535579,0.5454545454545454,0.5513333333333333,12,87.14436248682824,0.3518632954411215,0.175580530896051,28.135018962309328,0.4904546375481529,50.69546099200706,52.60595462857432,136.0,145.0,87.0,152.0,Stable,Strong presence - optimize pricing and improve service quality,60
Raj Nagar Extension,845,408492.0,70.41666666666667,34041.0,1.1033141872938277,3.806177385965556,-26.25,-29.934226917135888,24.546235822879755,33.95741923534986,0.6363636363636364,0.5633333333333334,12,89.04109589041096,0.4760649996057385,0.1110005685048323,33.00392271653761,0.3282840107873223,42.07078984602165,52.53513480754483,99.0,125.0,140.0,153.0,Stable,Strong presence - optimize pricing and improve service quality,60
Aya Nagar,870,411024.0,72.5,34252.0,-2.144426837670028,0.8662088827985112,-13.043478260869568,1.350519804385142,9.66090256539952,16.030399430578573,0.4545454545454545,0.58,12,91.6754478398314,0.0533819871798787,0.2596584027485972,13.589255340736614,0.7356261558704726,65.13019454729671,52.47739485243308,44.0,170.0,12.0,154.0,Stable,Strong presence - optimize pricing and improve service quality,60
Jama Masjid,849,419219.0,70.75,34934.916666666664,-1.148357952690131,0.1288877446384414,-1.6129032258064502,1.062566410400656,17.73953420103177,24.33917481989616,0.4545454545454545,0.5660000000000001,12,89.46259220231822,0.1830171377817207,0.3883254781859194,26.514047394340025,0.5145516872729119,49.65498174546747,52.34089114207171,89.0,151.0,95.0,155.0,Stable,Strong presence - optimize pricing and improve service quality,60
Pulbangash,860,406207.0,71.66666666666667,33850.583333333336,0.5843398609610243,1.2460476024656832,-19.753086419753085,-31.963403297617297,21.34393338380608,24.24855141923689,0.3636363636363636,0.5733333333333334,12,90.62170706006324,0.4085221660054296,0.1841323984587202,31.876625898674583,0.4159160927954134,40.023217404769845,51.94412769891976,69.0,131.0,148.0,156.0,Stable,Strong presence - optimize pricing and improve service quality,60
Kherki Daula Toll,824,409104.0,68.66666666666667,34092.0,-0.2187512700707378,-0.0670872449897325,-18.42105263157895,-9.1556366955728,18.471810093042198,19.703262672881905,0.5454545454545454,0.5493333333333333,12,86.82824025289779,0.3040024472508303,0.1991262978366895,26.2051987485174,0.4945127114915463,50.9795261680446,51.82440942568967,148.0,153.0,82.0,157.0,Stable,Strong presence - optimize pricing and improve service quality,60
Vishwavidyalaya,895,430321.0,74.58333333333333,35860.083333333336,-0.4100267774700422,0.9775696118211256,-25.60975609756097,-21.192261185006046,18.053423082254493,17.0493409030056,0.4545454545454545,0.5966666666666667,12,94.30979978925184,0.2791085572979753,0.1182074072019856,21.47480972595794,0.5059620125922486,49.05370451782103,51.59897518250504,14.0,161.0,97.0,158.0,Stable,Strong presence - optimize pricing and improve service quality,60
Tilak Nagar,900,430719.0,75.0,35893.25,-1.9336776719128048,-0.8494757788394112,-18.9873417721519,-22.154954402636218,12.316597302654367,17.53979835773813,0.4545454545454545,0.6,12,94.83667017913592,0.0808103109174499,0.1927519232014738,12.55869558310595,0.662952177246863,60.04301604364404,51.48738410007637,11.0,171.0,31.0,159.0,Stable,Strong presence - optimize pricing and improve service quality,60
Saidulajab,862,428008.0,71.83333333333333,35667.333333333336,-0.22816878447816,0.8462382372034337,-13.432835820895528,-23.788009955632504,19.973676277115704,27.80234446573968,0.3636363636363636,0.5746666666666667,12,90.83245521601684,0.3027767881454103,0.2552756399921936,28.377632888412364,0.4534136388361914,42.64804562762431,51.39520340845729,62.0,143.0,136.0,160.0,Stable,Strong presence - optimize pricing and improve service quality,60
Khan Market,832,399239.0,69.33333333333333,33269.916666666664,-0.3197683330916066,0.0424926034851812,-11.764705882352944,-7.701971106391891,19.989041395583904,20.39294725172864,0.3636363636363636,0.5546666666666666,12,87.67123287671232,0.2908554025277835,0.2740527706250209,28.41343497666785,0.4529931672076407,42.61861261362576,50.45232763776857,125.0,142.0,137.0,161.0,Stable,Strong presence - optimize pricing and improve service quality,60
Noida Sector 62,834,389106.0,69.5,32425.5,0.3610971623533487,1.9401524523266416,-17.721518987341767,-18.011790484140235,23.38729264695284,29.32674121165056,0.4545454545454545,0.5559999999999999,12,87.88198103266596,0.3794678492898224,0.2070005253272501,31.04809197047935,0.3599988801251864,38.83628524512668,50.434716671529536,122.0,134.0,156.0,162.0,Stable,Strong presence - optimize pricing and improve service quality,60
Badshahpur,868,418624.0,72.33333333333333,34885.333333333336,-1.81194475610203,-1.6454140027812956,-15.000000000000002,-24.12345561226924,14.34486954261368,16.957546743815985,0.4545454545454545,0.5786666666666667,12,91.46469968387775,0.0966534570213959,0.2376350198976691,15.304608217190523,0.6074478260344072,56.15771145877213,50.40856662967119,48.0,169.0,51.0,163.0,Stable,Strong presence - optimize pricing and improve service quality,60
Vasant Kunj,873,413000.0,72.75,34416.666666666664,-0.0931688338709177,2.392842023356854,-27.77777777777778,-18.65047770700637,22.27087157080211,25.75645366418534,0.5454545454545454,0.582,12,91.99157007376184,0.3203465960092151,0.0938032973280273,22.972927653674,0.3905501179180485,43.70214461789976,49.89728546896808,39.0,156.0,130.0,164.0,Stable,Strong presence - optimize pricing and improve service quality,60
Laxmi Nagar,797,370702.0,66.41666666666667,30891.83333333333,-1.225944671217948,-2.9718389725306027,-20.895522388059707,-22.196615052214614,12.857797162724925,13.882835621722894,0.4545454545454545,0.5313333333333333,12,83.9831401475237,0.1729194767738083,0.1712726871611244,17.226076092873477,0.6481420612685017,59.00630792515875,49.78726485895412,174.0,165.0,36.0,165.0,Stable,Strong presence - optimize pricing and improve service quality,60
Nirman Vihar,846,416615.0,70.5,34717.916666666664,-1.5360814530402762,-2.1446119136753725,-11.111111111111116,-23.69263018534863,16.29421605351837,17.034136085355765,0.3636363636363636,0.5640000000000001,12,89.14646996838778,0.1325561755754986,0.2814098919840818,19.209766213893182,0.5541033039113812,49.69632218288759,49.33674413093989,98.0,163.0,94.0,166.0,Stable,Strong presence - optimize pricing and improve service quality,60
Vaishali,869,403419.0,72.41666666666667,33618.25,0.122592845653499,-1.4466789424807631,-13.6986301369863,-15.26733194814316,26.572433043109463,21.402059910953263,0.3636363636363636,0.5793333333333334,12,91.5700737618546,0.3484272822358696,0.2522837540009501,30.99698709419019,0.2728364431868371,30.007641932169506,48.8721095458833,45.0,136.0,171.0,167.0,Stable,Strong presence - optimize pricing and improve service quality,60
Sonipat,857,385030.0,71.41666666666667,32085.83333333333,-1.942297494373436,0.3753571827979985,-23.076923076923077,-26.53055896404981,13.26704839077759,23.94641051932212,0.4545454545454545,0.5713333333333334,12,90.30558482613276,0.0796884688443812,0.1467179778720427,10.650027245544583,0.6369427639313653,58.222357111559205,48.81839347952543,72.0,172.0,39.0,168.0,Stable,Strong presence - optimize pricing and improve service quality,60
Shastri Nagar,868,426250.0,72.33333333333333,35520.833333333336,-1.4559363506742236,-2.347213613769932,-20.73170731707317,-22.279752098532988,17.42308943850786,15.296340607779324,0.4545454545454545,0.5786666666666667,12,91.46469968387775,0.1429868019828609,0.1731166544183918,15.503874295707332,0.5232113045039901,50.261154951642936,48.71930610893914,48.0,167.0,91.0,169.0,Stable,Strong presence - optimize pricing and improve service quality,60
Meerut,834,391872.0,69.5,32656.0,0.2589648100401611,1.987611901820558,-20.833333333333336,-3.817560149314592,24.92636649437576,24.124468210700496,0.3636363636363636,0.5559999999999999,12,87.88198103266596,0.3661756532649384,0.17197271176805,28.84944766661831,0.3178816072629492,33.160803417497355,47.85261440169632,122.0,141.0,164.0,170.0,Stable,Strong presence - optimize pricing and improve service quality,60
Faridabad Sector 15,831,383063.0,69.25,31921.916666666668,-2.3879273120702305,-2.966747505798065,-19.17808219178082,-31.66662280586331,13.930517182970782,17.063453659283667,0.5454545454545454,0.5539999999999999,12,87.5658587987355,0.0216911863261533,0.1906048735660828,8.925666122212514,0.6187867175511548,59.67870659221719,47.743636066170815,128.0,175.0,34.0,171.0,Stable,Strong presence - optimize pricing and improve service quality,60
IMT Manesar,840,420213.0,70.0,35017.75,-1.590668336190671,-1.7166247304991955,-29.411764705882348,-43.11320241527498,17.893830078886154,21.9696856565849,0.5454545454545454,0.5599999999999999,12,88.51422550052686,0.1254518689107749,0.0754104939303749,10.543531891861493,0.5103293287421677,52.0866893755881,46.39768721957908,108.0,173.0,75.0,172.0,Stable,Strong presence - optimize pricing and improve service quality,60
Palam Vihar,818,378228.0,68.16666666666667,31519.0,-0.8651776914241102,0.67213073964791,-23.529411764705888,-24.53798471961943,20.236723435317487,21.96752858541824,0.3636363636363636,0.5453333333333333,12,86.19599578503689,0.2198721348308761,0.1416245861619235,18.857311536329508,0.4462152649854686,42.1441594580737,46.04497118746498,159.0,164.0,138.0,173.0,Stable,Strong presence - optimize pricing and improve service quality,60
Jhilmil,824,395684.0,68.66666666666667,32973.666666666664,-0.6678245161047229,1.3531772336777252,-34.14634146341463,-32.419786096256686,23.10839579885073,34.888645576466814,0.4545454545454545,0.5493333333333333,12,86.82824025289779,0.2455570136480643,0.0221162245732748,15.618069801814856,0.3676309860644844,39.37053266087754,44.106859794858536,148.0,166.0,150.0,174.0,Stable,Strong presence - optimize pricing and improve service quality,60
Chhatarpur,829,387506.0,69.08333333333333,32292.166666666668,-2.554594421087156,-1.288695160614994,-17.85714285714286,-13.911572132715367,17.232278561854024,23.43407809645012,0.3636363636363636,0.5526666666666666,12,87.35511064278188,0.0,0.2054738893852026,8.218955575408105,0.5284329082435175,47.89939448613713,43.86393376883895,134.0,176.0,106.0,175.0,Stable,Strong presence - optimize pricing and improve service quality,60
Mandi House,800,375836.0,66.66666666666667,31319.666666666668,-1.3766958415993094,1.0266287084137402,-36.11111111111112,-43.09526349477277,29.703737410668094,32.44434525110095,0.3636363636363636,0.5333333333333333,12,84.29926238145417,0.1532996984929255,0.0,9.197981909575532,0.187147247256434,24.00939821704129,36.17179094337885,171.0,174.0,174.0,176.0,Declining,Urgent intervention required - analyze root causes,50
