zone,current_revenue,projected_revenue,required_investment,expected_roi_percent,payback_period_months,investment_risk
Udyog Bhawan,396478.0,667176.7724137931,39647.8,582.7586206896552,1.7575757575757576,Low
Sarojini Nagar,411007.0,709921.1818181819,41100.700000000004,627.2727272727274,1.65,Low
Paschim Vihar,390474.0,671615.28,39047.4,620.0000000000001,1.6666666666666665,Low
Kadarpur,409977.0,657401.7157894736,40997.700000000004,503.5087719298243,1.9883720930232567,Low
Azadpur,396462.0,532391.8285714285,39646.200000000004,242.85714285714275,3.500000000000001,Low
Nehru Place,417442.0,693086.2412698412,41744.200000000004,560.3174603174601,1.817307692307693,Low
Central Secretariat,399762.0,615018.4615384615,39976.200000000004,438.46153846153834,2.2285714285714295,Low
Rajiv Nagar,411600.0,573953.3333333333,41160.0,294.44444444444423,3.042253521126762,Low
Hauz Rani,404163.0,546232.4181818182,40416.3,251.51515151515156,3.4137931034482754,Low
Saket,422466.0,626116.276923077,42246.600000000006,382.05128205128204,2.4893617021276597,Low
Panchsheel Park,420521.0,608032.0032786885,42052.100000000006,345.90163934426226,2.6911764705882355,Low
Sadar Bazar Gurgaon,376061.0,628660.4641509433,37606.1,571.6981132075471,1.7865168539325846,Low
Pataudi Chowk,450702.0,594657.5641791044,45070.200000000004,219.40298507462663,3.757009345794395,Low
DLF City Court,420631.0,540303.4816901409,42063.100000000006,184.50704225352123,4.217821782178216,Low
Manesar,393982.0,586197.4606060606,39398.200000000004,387.8787878787877,2.4596273291925472,Low
Qutub Minar,390770.0,537153.6825396825,39077.0,274.60317460317447,3.203389830508476,Low
IIT Delhi,385671.0,483937.8575342466,38567.1,154.7945205479452,4.709677419354838,Low
Rohini East,409921.0,582328.9500000001,40992.100000000006,320.58823529411774,2.8531468531468525,Low
Malviya Nagar,420747.0,665180.9714285714,42074.700000000004,480.95238095238074,2.065573770491804,Low
Uttam Nagar,392446.0,542883.6333333333,39244.6,283.33333333333326,3.1304347826086962,Low
Gwal Pahari,384520.0,502206.4242424242,38452.0,206.06060606060592,3.9207920792079225,Low
Rajouri Garden,410834.0,497109.14,41083.4,110.00000000000003,5.7142857142857135,Low
Munirka,390753.0,473913.2538461538,39075.3,112.82051282051266,5.638554216867474,Low
Ardee City,409637.0,559837.2333333334,40963.700000000004,266.66666666666674,3.272727272727272,Low
Paharganj,413278.0,541224.3397260273,41327.8,209.58904109589022,3.8761061946902675,Low
Satguru Ram Singh Marg,406935.0,536196.7058823529,40693.5,217.6470588235293,3.7777777777777795,Low
Welcome,407963.0,512539.4309859154,40796.3,156.33802816901388,4.681318681318685,Low
ITO,435165.0,629205.7868852459,43516.5,345.9016393442624,2.6911764705882346,Low
Pitampura,398038.0,601174.6344827586,39803.8,410.34482758620686,2.351351351351352,Low
Rohini,397704.0,518795.9641791045,39770.4,204.47761194029854,3.9411764705882355,Low
Sushant Lok,399237.0,612163.3999999999,39923.700000000004,433.33333333333303,2.2500000000000013,Low
Jahangirpuri,421873.0,541898.8394366198,42187.3,184.50704225352123,4.217821782178216,Low
Rohini West,414773.0,546524.4235294118,41477.3,217.64705882352945,3.7777777777777777,Low
Mehrauli,422798.0,511585.57999999996,42279.8,109.99999999999987,5.714285714285717,Low
Ashok Park Main,428211.0,642316.5,42821.100000000006,399.9999999999999,2.4000000000000004,Low
Hauz Khas,421383.0,538073.6769230769,42138.3,176.92307692307674,4.333333333333336,Low
Sarai Kale Khan,417569.0,530080.6472222222,41756.9,169.44444444444434,4.453608247422682,Low
Bhikaji Cama Place,386735.0,510958.96969696967,38673.5,221.21212121212116,3.7358490566037745,Low
Govindpuri,384542.0,512048.0315789473,38454.200000000004,231.57894736842087,3.619047619047621,Low
IFFCO Chowk,398927.0,511411.3344262295,39892.700000000004,181.9672131147541,4.255813953488372,Low
Gurgaon Railway Station,427023.0,516697.82999999996,42702.3,109.9999999999999,5.714285714285717,Low
Panipat,408121.0,512737.93239436613,40812.100000000006,156.33802816901388,4.681318681318685,Low
Botanical Garden,430062.0,522307.18260869564,43006.200000000004,114.49275362318836,5.594594594594596,Low
DLF Phase 3,401056.0,520807.9323943662,40105.600000000006,198.59154929577457,4.018867924528303,Low
Mundka,405370.0,570091.7777777778,40537.0,306.34920634920627,2.9531250000000004,Low
Shastri Park,404088.0,507671.1211267605,40408.8,156.3380281690139,4.681318681318685,Low
Saket A Block,387840.0,507175.3846153846,38784.0,207.6923076923077,3.9,Low
Karkarduma,393285.0,475874.85,39328.5,109.99999999999994,5.714285714285715,Low
Kaushambi,416506.0,503972.26,41650.600000000006,109.99999999999999,5.714285714285714,Low
Dwarka Mor,409203.0,542193.975,40920.3,224.99999999999991,3.6923076923076934,Low
Adarsh Nagar,387013.0,487181.0705882353,38701.3,158.82352941176464,4.636363636363638,Low
Maidan Garhi,388611.0,470219.31,38861.1,110.00000000000001,5.714285714285714,Low
Patel Chowk,394432.0,540068.4307692308,39443.200000000004,269.2307692307693,3.2499999999999996,Low
Peeragarhi,416593.0,504077.52999999997,41659.3,109.99999999999991,5.714285714285716,Low
Shivaji Park,430624.0,523477.3,43062.4,115.62499999999996,5.565217391304349,Low
Vatika Chowk,375053.0,453814.13,37505.3,109.99999999999999,5.714285714285714,Low
Huda City Centre,412534.0,521150.54683544295,41253.4,163.2911392405061,4.557692307692312,Low
Noida Sector 18,389016.0,472897.575,38901.6,115.62500000000004,5.565217391304347,Low
Vinobapuri,385688.0,485513.1294117647,38568.8,158.8235294117646,4.6363636363636385,Low
Sikanderpur,391353.0,473537.13,39135.3,109.99999999999999,5.714285714285714,Low
IGNOU Road,403924.0,557547.5540983606,40392.4,280.32786885245883,3.155172413793105,Low
AIIMS,449519.0,598917.9617647058,44951.9,232.35294117647047,3.61061946902655,Low
Badarpur,448495.0,542678.95,44849.5,109.9999999999999,5.714285714285717,Low
Okhla,409262.0,495207.01999999996,40926.200000000004,109.99999999999987,5.714285714285718,Low
Lajpat Nagar,393459.0,556463.4428571428,39345.9,314.28571428571405,2.8965517241379324,Low
Tis Hazari,407726.0,572198.5220338983,40772.600000000006,303.38983050847446,2.9747899159663875,Low
Greater Noida,443575.0,536725.75,44357.5,110.00000000000001,5.714285714285714,Low
INA Market,391989.0,550236.411111111,39198.9,303.7037037037035,2.9724770642201843,Low
Sohna Road,410096.0,533719.1420289855,41009.600000000006,201.4492753623189,3.9807692307692304,Low
Mansarovar Park,410340.0,496511.39999999997,41034.0,109.99999999999991,5.714285714285716,Low
Anand Vihar,401098.0,485328.57999999996,40109.8,109.99999999999987,5.714285714285718,Low
Udyog Vihar,442274.0,535151.54,44227.4,110.00000000000007,5.714285714285713,Low
Basai Dhankot,425497.0,514851.37,42549.700000000004,109.99999999999997,5.714285714285715,Low
Vidhan Sabha,384050.0,464700.5,38405.0,110.00000000000001,5.714285714285714,Low
MG Road,385292.0,474581.8920634921,38529.200000000004,131.74603174603178,5.17808219178082,Low
Jasola,424511.0,569110.059375,42451.100000000006,240.62499999999983,3.5229357798165157,Low
Tughlakabad,435165.0,570549.6666666666,43516.5,211.11111111111103,3.857142857142858,Low
Ashram,427364.0,543805.2057971015,42736.4,172.46376811594212,4.404255319148935,Low
Ambience Mall,407878.0,513446.4235294117,40787.8,158.82352941176458,4.6363636363636385,Low
Civil Lines Gurgaon,413951.0,520062.3830985915,41395.100000000006,156.338028169014,4.6813186813186825,Low
Preet Vihar,399664.0,485940.67301587295,39966.4,115.8730158730157,5.55882352941177,Low
RK Puram,405689.0,490883.69,40568.9,110.00000000000001,5.714285714285714,Low
Nawada,397674.0,548920.5049180328,39767.4,280.32786885245906,3.1551724137931036,Low
Samaypur Badli,422291.0,555208.8229508196,42229.100000000006,214.7540983606556,3.812500000000002,Low
Keshav Puram,428418.0,539302.6588235294,42841.8,158.8235294117646,4.6363636363636385,Low
Khandsa,457320.0,553357.2,45732.0,109.9999999999999,5.714285714285717,Low
Arjangarh,406092.0,452420.80563380284,20304.600000000002,128.16901408450713,5.259259259259257,Low
Indraprastha,415594.0,469559.1910447762,20779.7,159.70149253731373,4.620689655172409,Low
Greater Kailash,415768.0,461502.48000000004,20788.4,120.00000000000017,5.45454545454545,Low
Ramesh Nagar,401278.0,445418.58,20063.9,120.00000000000006,5.454545454545453,Low
Rajiv Chowk,407802.0,493185.54375,20390.100000000002,318.75,2.8656716417910446,Low
Dilshad Garden,395820.0,447581.07692307694,19791.0,161.5384615384616,4.588235294117646,Low
Bahadurgarh,380322.0,422157.42000000004,19016.100000000002,120.0000000000002,5.45454545454545,Low
Old Gurgaon,380599.0,447935.74615384615,19029.95,253.84615384615384,3.3913043478260874,Low
Golf Course Road,387519.0,430146.09,19375.95,120.00000000000013,5.4545454545454515,Low
Madipur,434085.0,506432.50000000006,21704.25,233.33333333333363,3.599999999999997,Low
Indirapuram,410350.0,455488.50000000006,20517.5,120.00000000000028,5.454545454545448,Low
Chandni Chowk,403742.0,448153.62000000005,20187.100000000002,120.00000000000024,5.454545454545449,Low
Connaught Place,406438.0,451146.18000000005,20321.9,120.00000000000024,5.454545454545449,Low
Chirag Delhi,380759.0,422642.49000000005,19037.95,120.00000000000024,5.454545454545448,Low
IGI Airport,411105.0,456326.55000000005,20555.25,120.00000000000021,5.454545454545449,Low
Narsinghpur,385856.0,428300.16000000003,19292.8,120.00000000000017,5.454545454545451,Low
Rithala,426177.0,473056.47000000003,21308.850000000002,120.00000000000013,5.4545454545454515,Low
Pragati Maidan,434966.0,509981.87536231894,21748.300000000003,244.9275362318845,3.478991596638651,Low
Hero Honda Chowk,415440.0,461138.4,20772.0,120.00000000000011,5.4545454545454515,Low
Sultanpur,418314.0,466297.0764705883,20915.7,129.41176470588255,5.230769230769226,Low
Seelampur,391914.0,435024.54000000004,19595.7,120.00000000000017,5.45454545454545,Low
Yamuna Bank,393836.0,444635.13623188407,19691.800000000003,157.97101449275362,4.651685393258426,Low
Gurgaon Sector 29,382801.0,437486.8571428572,19140.05,185.7142857142861,4.199999999999994,Low
New Colony,429310.0,476534.10000000003,21465.5,120.00000000000017,5.454545454545451,Low
Model Town,395974.0,447217.6941176471,19798.7,158.82352941176475,4.636363636363636,Low
Kashmere Gate ISBT,402063.0,446289.93000000005,20103.15,120.00000000000024,5.454545454545449,Low
Tagore Garden,435444.0,483342.84,21772.2,120.00000000000011,5.454545454545452,Low
Bhiwadi,408441.0,473311.04117647064,20422.050000000003,217.64705882352962,3.7777777777777755,Low
Kalkaji,386226.0,428710.86000000004,19311.3,120.00000000000024,5.454545454545449,Low
Udyog Vihar Phase 4,396936.0,440598.96,19846.800000000003,120.00000000000009,5.454545454545452,Low
Chanakyapuri,412285.0,457636.35000000003,20614.25,120.00000000000017,5.454545454545451,Low
Gurgaon Sector 56,400402.0,476192.3785714286,20020.100000000002,278.5714285714286,3.1698113207547163,Low
Noida Film City,426084.0,472953.24000000005,21304.2,120.00000000000021,5.454545454545449,Low
Akshardham,385633.0,454802.09365079366,19281.65,258.73015873015873,3.3451327433628317,Low
Shahdara,392220.0,495740.36065573775,19611.0,427.8688524590166,2.2732919254658377,Low
Ghitorni,410834.0,456025.74000000005,20541.7,120.00000000000024,5.454545454545449,Low
Noida Extension,400064.0,444071.04000000004,20003.2,120.00000000000017,5.454545454545451,Low
Mayur Vihar,432947.0,491432.82280701766,21647.350000000002,170.1754385964917,4.441558441558434,Low
Lok Kalyan Marg,421207.0,467539.77,21060.350000000002,120.00000000000006,5.454545454545452,Low
Anand Vihar ISBT,416948.0,462812.28,20847.4,120.00000000000013,5.4545454545454515,Low
Subhash Chowk,433714.0,481422.54000000004,21685.7,120.00000000000017,5.454545454545451,Low
Inderlok,440036.0,488439.96,22001.800000000003,120.00000000000006,5.454545454545452,Low
Moti Nagar,395022.0,438474.42000000004,19751.100000000002,120.0000000000002,5.45454545454545,Low
Punjabi Bagh,422482.0,468955.02,21124.100000000002,120.00000000000006,5.454545454545452,Low
Dwarka Sector 21,438175.0,486374.25000000006,21908.75,120.00000000000026,5.454545454545448,Low
GTB Nagar,413500.0,458985.00000000006,20675.0,120.00000000000028,5.454545454545448,Low
Netaji Subhash Place,388841.0,439876.38125000003,19442.05,162.5000000000002,4.5714285714285685,Low
Ghitorni Village,369269.0,409888.59,18463.45,120.00000000000013,5.4545454545454515,Low
South Extension,398209.0,442011.99000000005,19910.45,120.00000000000024,5.454545454545449,Low
Janakpuri,403529.0,447917.19000000006,20176.45,120.00000000000028,5.454545454545447,Low
Karol Bagh,410313.0,455447.43000000005,20515.65,120.00000000000024,5.454545454545449,Low
Lal Quila,387948.0,451374.4190476191,19397.4,226.98412698412724,3.6699029126213567,Low
Delhi Gate,404321.0,448796.31000000006,20216.050000000003,120.00000000000024,5.454545454545448,Low
Green Park,387193.0,429784.23000000004,19359.65,120.0000000000002,5.45454545454545,Low
Jor Bagh,424411.0,471096.21,21220.550000000003,120.00000000000006,5.454545454545453,Low
Ashok Vihar,386281.0,457644.7779661017,19314.05,269.4915254237289,3.2477064220183474,Low
Ghaziabad,410026.0,455128.86000000004,20501.300000000003,120.0000000000002,5.45454545454545,Low
India Gate,420200.0,466422.00000000006,21010.0,120.00000000000028,5.454545454545448,Low
New Delhi Railway Station,400668.0,444741.48000000004,20033.4,120.00000000000017,5.454545454545451,Low
Kashmere Gate,388083.0,430772.13000000006,19404.15,120.00000000000031,5.454545454545447,Low
Subhash Nagar,425853.0,472696.83,21292.65,120.00000000000006,5.454545454545452,Low
Moolchand,394508.0,437903.88000000006,19725.4,120.00000000000031,5.454545454545447,Low
Kanhaiya Nagar,420907.0,467206.77,21045.350000000002,120.00000000000006,5.454545454545452,Low
Barakhamba Road,460386.0,511028.46,23019.300000000003,120.00000000000006,5.454545454545453,Low
Cyber Hub,411162.0,456389.82000000007,20558.100000000002,120.00000000000028,5.454545454545447,Low
Kirti Nagar,393920.0,437251.2,19696.0,120.00000000000006,5.454545454545453,Low
Raj Nagar Extension,408492.0,453426.12000000005,20424.600000000002,120.00000000000024,5.454545454545449,Low
Aya Nagar,411024.0,456236.64,20551.2,120.00000000000006,5.454545454545453,Low
Jama Masjid,419219.0,465333.09,20960.95,120.00000000000011,5.4545454545454515,Low
Pulbangash,406207.0,450889.77,20310.350000000002,120.00000000000006,5.454545454545452,Low
Kherki Daula Toll,409104.0,454105.44000000006,20455.2,120.00000000000028,5.454545454545448,Low
Vishwavidyalaya,430321.0,477656.31000000006,21516.050000000003,120.00000000000024,5.454545454545449,Low
Tilak Nagar,430719.0,478098.09,21535.95,120.00000000000011,5.454545454545452,Low
Saidulajab,428008.0,475088.88000000006,21400.4,120.00000000000028,5.454545454545448,Low
Khan Market,399239.0,443155.29000000004,19961.95,120.00000000000017,5.454545454545451,Low
Noida Sector 62,389106.0,431907.66000000003,19455.3,120.00000000000017,5.454545454545451,Low
Badshahpur,418624.0,464672.64,20931.2,120.00000000000006,5.454545454545453,Low
Vasant Kunj,413000.0,458430.00000000006,20650.0,120.00000000000028,5.454545454545448,Low
Laxmi Nagar,370702.0,411479.22000000003,18535.100000000002,120.00000000000013,5.4545454545454515,Low
Nirman Vihar,416615.0,462442.65,20830.75,120.00000000000011,5.454545454545452,Low
Vaishali,403419.0,447795.09,20170.95,120.00000000000013,5.4545454545454515,Low
Sonipat,385030.0,427383.30000000005,19251.5,120.00000000000024,5.454545454545448,Low
Shastri Nagar,426250.0,473137.50000000006,21312.5,120.00000000000028,5.454545454545448,Low
Meerut,391872.0,434977.92000000004,19593.600000000002,120.0000000000002,5.45454545454545,Low
Faridabad Sector 15,383063.0,425199.93000000005,19153.15,120.00000000000024,5.454545454545449,Low
IMT Manesar,420213.0,466436.43000000005,21010.65,120.00000000000021,5.454545454545449,Low
Palam Vihar,378228.0,419833.08,18911.4,120.00000000000006,5.454545454545452,Low
Jhilmil,395684.0,439209.24000000005,19784.2,120.00000000000024,5.454545454545449,Low
Chhatarpur,387506.0,430131.66000000003,19375.3,120.00000000000017,5.454545454545451,Low
Mandi House,375836.0,417177.96,18791.8,120.00000000000013,5.4545454545454515,Low
